N§,Nombre,Total,Por mil (?)
1,ANDRES FELIPE,1.844,"14,103"
2,SANTIAGO,1.487,"11,373"
3,JUAN DAVID,1.351,"10,332"
4,JUAN CARLOS,1.27,"9,713"
5,JUAN CAMILO,1.177,"9,002"
6,SEBASTIAN,1.128,"8,627"
7,MIGUEL ANGEL,1.099,"8,405"
8,CARLOS ANDRES,1.052,"8,046"
9,JUAN PABLO,1.009,"7,717"
10,JUAN SEBASTIAN,993,"7,594"
11,CARLOS ALBERTO,986,"7,541"
12,DIEGO FERNANDO,942,"7,204"
13,ALEXANDER,933,"7,136"
14,ALEJANDRO,921,"7,044"
15,JUAN JOSE,829,"6,340"
16,LUIS FERNANDO,735,"5,621"
17,SAMUEL,683,"5,224"
18,JUAN ESTEBAN,663,"5,071"
19,NICOLAS,647,"4,948"
20,JULIAN ANDRES,611,"4,673"
21,CESAR AUGUSTO,571,"4,367"
22,DANIEL,533,"4,076"
23,JHON JAIRO,524,"4,008"
24,GUSTAVO ADOLFO,501,"3,832"
25,MAURICIO,496,"3,793"
26,CRISTIAN CAMILO,491,"3,755"
27,JULIO CESAR,487,"3,725"
28,JUAN MANUEL,474,"3,625"
29,JUAN FELIPE,465,"3,556"
30,JOHN JAIRO,464,"3,549"
31,JUAN DIEGO,449,"3,434"
32,LUIS EDUARDO,420,"3,212"
33,RUBEN DARIO,385,"2,944"
34,LUIS ALBERTO,381,"2,914"
35,JOSE LUIS,380,"2,906"
36,HECTOR FABIO,378,"2,891"
37,MATEO,371,"2,837"
38,DIEGO ALEJANDRO,368,"2,814"
39,LUIS CARLOS,366,"2,799"
40,FERNANDO,348,"2,661"
41,CARLOS ARTURO,338,"2,585"
42,MATIAS,337,"2,577"
43,LUIS FELIPE,330,"2,524"
44,ANDRES MAURICIO,324,"2,478"
45,CRISTIAN DAVID,319,"2,440"
46,DAVID,308,"2,356"
47,JONATHAN,308,"2,356"
48,JORGE ANDRES,303,"2,317"
49,JHON ALEXANDER,301,"2,302"
50,FRANCISCO JAVIER,286,"2,187"
51,CAMILO ANDRES,283,"2,164"
52,JULIAN DAVID,280,"2,141"
53,ANDRES,278,"2,126"
54,WILLIAM,273,"2,088"
55,EMMANUEL,271,"2,073"
56,JOHN ALEXANDER,271,"2,073"
57,LEONARDO,271,"2,073"
58,JOHAN SEBASTIAN,268,"2,050"
59,WILSON,259,"1,981"
60,JHON FREDY,256,"1,958"
61,RICARDO,255,"1,950"
62,CARLOS MARIO,252,"1,927"
63,ESTEBAN,250,"1,912"
64,VICTOR MANUEL,248,"1,897"
65,ANDERSON,244,"1,866"
66,JERONIMO,241,"1,843"
67,JORGE ELIECER,240,"1,836"
68,JOSE DAVID,240,"1,836"
69,VICTOR ALFONSO,239,"1,828"
70,JORGE IVAN,235,"1,797"
71,DANIEL FELIPE,233,"1,782"
72,JOHN FREDY,222,"1,698"
73,JAVIER,221,"1,690"
74,ORLANDO,220,"1,683"
75,JORGE LUIS,219,"1,675"
76,VICTOR HUGO,217,"1,660"
77,JORGE ENRIQUE,216,"1,652"
78,OSCAR EDUARDO,214,"1,637"
79,ALVARO,210,"1,606"
80,CAMILO,205,"1,568"
81,HENRY,204,"1,560"
82,MARTIN,203,"1,553"
83,ROBINSON,199,"1,522"
84,CARLOS EDUARDO,197,"1,507"
85,EDWIN,197,"1,507"
86,SERGIO ANDRES,194,"1,484"
87,LUIS ALFONSO,193,"1,476"
88,DIEGO ARMANDO,192,"1,468"
89,JAIME,191,"1,461"
90,JOSE MANUEL,191,"1,461"
91,JEFFERSON,186,"1,423"
92,KEVIN ANDRES,186,"1,423"
93,JHONATAN,185,"1,415"
94,JULIAN,183,"1,400"
95,MATHIAS,183,"1,400"
96,JUAN FERNANDO,182,"1,392"
97,CRISTIAN ANDRES,180,"1,377"
98,RODRIGO,175,"1,338"
99,OSCAR,174,"1,331"
100,JESUS DAVID,171,"1,308"
101,GUSTAVO,169,"1,293"
102,FABIAN ANDRES,165,"1,262"
103,KEVIN,165,"1,262"
104,JACOBO,164,"1,254"
105,JAIRO,163,"1,247"
106,LUIS ENRIQUE,161,"1,231"
107,JAIME ANDRES,160,"1,224"
108,JHOAN SEBASTIAN,159,"1,216"
109,GUILLERMO,158,"1,208"
110,JUAN ANDRES,156,"1,193"
111,OSCAR ANDRES,156,"1,193"
112,GERMAN,155,"1,185"
113,JOSE FERNANDO,152,"1,162"
114,THIAGO,150,"1,147"
115,NELSON,147,"1,124"
116,LUIS MIGUEL,146,"1,117"
117,DIEGO,145,"1,109"
118,JOSE ALEJANDRO,145,"1,109"
119,DIEGO ALEXANDER,144,"1,101"
120,JUAN GUILLERMO,144,"1,101"
121,SERGIO,144,"1,101"
122,DIEGO ANDRES,141,"1,078"
123,IVAN DARIO,141,"1,078"
124,CRISTIAN,140,"1,071"
125,FABIAN,139,"1,063"
126,FELIPE,137,"1,048"
127,STEVEN,135,"1,032"
128,LUIS ANGEL,134,"1,025"
129,LUIS ALEJANDRO,129,"0,987"
130,BRAYAN,128,"0,979"
131,DANIEL ALEJANDRO,127,"0,971"
132,MANUEL ALEJANDRO,127,"0,971"
133,JOSE DANIEL,126,"0,964"
134,CARLOS HUMBERTO,125,"0,956"
135,JORGE MARIO,125,"0,956"
136,HERNANDO,124,"0,948"
137,DYLAN,122,"0,933"
138,JORGE ALBERTO,122,"0,933"
139,JOSE ANTONIO,122,"0,933"
140,EMANUEL,121,"0,925"
141,CARLOS AUGUSTO,120,"0,918"
142,CARLOS ENRIQUE,118,"0,902"
143,THOMAS,116,"0,887"
144,EDGAR,115,"0,880"
145,EMILIANO,114,"0,872"
146,PABLO ANDRES,113,"0,864"
147,DAVID ALEJANDRO,112,"0,857"
148,CHRISTIAN DAVID,111,"0,849"
149,JUAN DANIEL,110,"0,841"
150,LEONARDO FABIO,110,"0,841"
151,ANDRES DAVID,109,"0,834"
152,JOSE ALEXANDER,109,"0,834"
153,GABRIEL,108,"0,826"
154,JAMES,108,"0,826"
155,LUIS ALFREDO,108,"0,826"
156,MAXIMILIANO,108,"0,826"
157,EDISON,107,"0,818"
158,JAIME ALBERTO,107,"0,818"
159,JOSE MIGUEL,107,"0,818"
160,JEAN PAUL,106,"0,811"
161,ANDRES CAMILO,105,"0,803"
162,JESUS ANTONIO,105,"0,803"
163,JORGE ARMANDO,105,"0,803"
164,ALBERTO,104,"0,795"
165,EDINSON,103,"0,788"
166,JULIAN ALBERTO,101,"0,772"
167,CRISTHIAN CAMILO,100,"0,765"
168,HAROLD,100,"0,765"
169,WALTER,100,"0,765"
170,BRAYAN STIVEN,99,"0,757"
171,CARLOS JULIO,99,"0,757"
172,JHON FREDDY,99,"0,757"
173,DIEGO MAURICIO,98,"0,749"
174,CHRISTIAN CAMILO,97,"0,742"
175,ISAAC,97,"0,742"
176,JOAN SEBASTIAN,97,"0,742"
177,JUAN GABRIEL,97,"0,742"
178,RAFAEL,97,"0,742"
179,STIVEN,97,"0,742"
180,HERNAN DARIO,96,"0,734"
181,EDUARDO,95,"0,727"
182,CARLOS FERNANDO,94,"0,719"
183,CRISTHIAN DAVID,94,"0,719"
184,DAVID SANTIAGO,93,"0,711"
185,FERNEY,93,"0,711"
186,JORGE,93,"0,711"
187,JORGE HERNAN,92,"0,704"
188,EDWIN ANDRES,91,"0,696"
189,HERNAN,91,"0,696"
190,ALFONSO,90,"0,688"
191,ANDRES FERNANDO,90,"0,688"
192,JORGE EDUARDO,90,"0,688"
193,SAMUEL DAVID,90,"0,688"
194,FREDY,89,"0,681"
195,HUMBERTO,89,"0,681"
196,JOSE JULIAN,89,"0,681"
197,DANIEL ANDRES,88,"0,673"
198,OSCAR MAURICIO,88,"0,673"
199,MICHAEL,87,"0,665"
200,YEISON,87,"0,665"
201,FABIO,86,"0,658"
202,MARIO,86,"0,658"
203,JHON ALEJANDRO,85,"0,650"
204,RAUL,84,"0,642"
205,BRAYAN ANDRES,83,"0,635"
206,GILBERTO,83,"0,635"
207,ALEXIS,82,"0,627"
208,DANIEL FERNANDO,82,"0,627"
209,DAVID FERNANDO,82,"0,627"
210,OSCAR JAVIER,82,"0,627"
211,JAIRO ANDRES,81,"0,619"
212,JOHN FREDDY,81,"0,619"
213,CARLOS MAURICIO,80,"0,612"
214,OSCAR FERNANDO,80,"0,612"
215,ADRIAN,79,"0,604"
216,ALBEIRO,79,"0,604"
217,OMAR,79,"0,604"
218,WILLIAM ANDRES,79,"0,604"
219,BRAYAN STEVEN,78,"0,597"
220,JEAN CARLOS,78,"0,597"
221,LUIS ANTONIO,77,"0,589"
222,LUIS DAVID,77,"0,589"
223,ALFREDO,76,"0,581"
224,ARMANDO,76,"0,581"
225,JAVIER ANDRES,76,"0,581"
226,RICARDO ANDRES,76,"0,581"
227,SIMON,76,"0,581"
228,BRYAN,75,"0,574"
229,GIOVANNY,75,"0,574"
230,JOHAN ANDRES,75,"0,574"
231,LUIS HERNANDO,75,"0,574"
232,MICHAEL STEVEN,75,"0,574"
233,RAMIRO,75,"0,574"
234,GERARDO,74,"0,566"
235,JESUS ALBERTO,74,"0,566"
236,JHON SEBASTIAN,74,"0,566"
237,JOSE ANDRES,74,"0,566"
238,WILMER,73,"0,558"
239,PEDRO ANTONIO,72,"0,551"
240,JAIR,71,"0,543"
241,JOHN ALEJANDRO,71,"0,543"
242,MARCO ANTONIO,71,"0,543"
243,DANIEL ESTEBAN,70,"0,535"
244,JHON ANDERSON,70,"0,535"
245,JUAN ALEJANDRO,70,"0,535"
246,GIOVANNI,68,"0,520"
247,PABLO,68,"0,520"
248,RODOLFO,68,"0,520"
249,CARLOS,67,"0,512"
250,JOHN EDWARD,67,"0,512"
251,LUIS GUILLERMO,67,"0,512"
252,OSCAR IVAN,67,"0,512"
253,ANTHONY,66,"0,505"
254,FABIO ANDRES,66,"0,505"
255,LEANDRO,66,"0,505"
256,OSWALDO,66,"0,505"
257,ANGEL DAVID,65,"0,497"
258,OSCAR DAVID,65,"0,497"
259,CHRISTIAN,64,"0,489"
260,JEFERSON,64,"0,489"
261,LUIS GABRIEL,64,"0,489"
262,MARIO ANDRES,64,"0,489"
263,JHON EDISON,63,"0,482"
264,TOMAS,63,"0,482"
265,JOSE GREGORIO,62,"0,474"
266,JOSE LEONARDO,62,"0,474"
267,JUAN MIGUEL,62,"0,474"
268,JORGE ALEXANDER,61,"0,467"
269,MANUEL FERNANDO,61,"0,467"
270,MAURICIO ANDRES,61,"0,467"
271,ROBERTO,61,"0,467"
272,YEISON ANDRES,61,"0,467"
273,CRISTIAN FELIPE,60,"0,459"
274,JOSE ORLANDO,60,"0,459"
275,JOSE RICARDO,60,"0,459"
276,JUAN MARTIN,60,"0,459"
277,CARLOS DAVID,59,"0,451"
278,CHRISTIAN ANDRES,59,"0,451"
279,JOSE VICENTE,59,"0,451"
280,LUIS ERNESTO,59,"0,451"
281,BRYAN STEVEN,58,"0,444"
282,CARLOS DANIEL,58,"0,444"
283,JOHN ANDERSON,58,"0,444"
284,JULIAN MAURICIO,58,"0,444"
285,SERGIO ALEJANDRO,58,"0,444"
286,BRANDON,57,"0,436"
287,DAGOBERTO,57,"0,436"
288,DAVID FELIPE,57,"0,436"
289,JOSE IGNACIO,57,"0,436"
290,LIAM,57,"0,436"
291,ANTONIO JOSE,56,"0,428"
292,CESAR ANDRES,56,"0,428"
293,CRISTHIAN ANDRES,56,"0,428"
294,EDILBERTO,56,"0,428"
295,EDWIN ALBERTO,56,"0,428"
296,GERMAN ANDRES,56,"0,428"
297,BERNARDO,55,"0,421"
298,LIBARDO,55,"0,421"
299,MIGUEL ANTONIO,55,"0,421"
300,SANTIAGO ANDRES,55,"0,421"
301,VICTOR ANDRES,55,"0,421"
302,VLADIMIR,55,"0,421"
303,ALVARO ANDRES,54,"0,413"
304,GERONIMO,54,"0,413"
305,HECTOR,54,"0,413"
306,JHON JAMES,54,"0,413"
307,JOSE MAURICIO,54,"0,413"
308,JULIAN ESTEBAN,54,"0,413"
309,RAFAEL ANTONIO,54,"0,413"
310,REINALDO,54,"0,413"
311,FREDDY,53,"0,405"
312,JOSE ALBERTO,53,"0,405"
313,ALVARO JOSE,52,"0,398"
314,ARLEY,52,"0,398"
315,FEDERICO,52,"0,398"
316,GONZALO,52,"0,398"
317,JONATHAN ANDRES,52,"0,398"
318,JORGE HUMBERTO,52,"0,398"
319,PEDRO LUIS,52,"0,398"
320,DANIEL MAURICIO,51,"0,390"
321,JORGE LEONARDO,51,"0,390"
322,JOSE OMAR,51,"0,390"
323,JULIAN CAMILO,51,"0,390"
324,MARIO ALEJANDRO,51,"0,390"
325,MARLON,51,"0,390"
326,WILSON ANDRES,51,"0,390"
327,ALDEMAR,50,"0,382"
328,DIEGO ALBERTO,50,"0,382"
329,EDWARD,50,"0,382"
330,EFRAIN,50,"0,382"
331,JEAN PIERRE,50,"0,382"
332,JOHAN,50,"0,382"
333,KEVIN ALEXANDER,50,"0,382"
334,KEVIN SANTIAGO,50,"0,382"
335,MARIO ALBERTO,50,"0,382"
336,RONALD,50,"0,382"
337,CHRISTOPHER,49,"0,375"
338,FABIO NELSON,49,"0,375"
339,FRANKLIN,49,"0,375"
340,JAIRO ALBERTO,49,"0,375"
341,JHON EDINSON,49,"0,375"
342,KEVIN ALEJANDRO,49,"0,375"
343,MANUEL,49,"0,375"
344,MIGUEL,49,"0,375"
345,SAMUEL ALEJANDRO,49,"0,375"
346,BLADIMIR,48,"0,367"
347,FRANCISCO ANTONIO,48,"0,367"
348,GUSTAVO ANDRES,48,"0,367"
349,JHONATHAN,48,"0,367"
350,JOHAN STIVEN,48,"0,367"
351,JOHN EDISON,48,"0,367"
352,MANUEL ANTONIO,48,"0,367"
353,CARLOS JAVIER,47,"0,359"
354,ERNESTO,47,"0,359"
355,BENJAMIN,46,"0,352"
356,DANIEL EDUARDO,46,"0,352"
357,DANILO,46,"0,352"
358,DAVID ANDRES,46,"0,352"
359,HUGO,46,"0,352"
360,ISMAEL,46,"0,352"
361,IVAN,46,"0,352"
362,JOSE ALBEIRO,46,"0,352"
363,JOSE GABRIEL,46,"0,352"
364,OSCAR ALBERTO,46,"0,352"
365,WILMAR,46,"0,352"
366,YESID,46,"0,352"
367,ALIRIO,45,"0,344"
368,DANIEL SANTIAGO,45,"0,344"
369,JESUS MARIA,45,"0,344"
370,JOSE JESUS,45,"0,344"
371,MICHAEL ANDRES,45,"0,344"
372,YEFERSON,45,"0,344"
373,ANDRES EDUARDO,44,"0,337"
374,BRAYAN DAVID,44,"0,337"
375,CARLOS HERNAN,44,"0,337"
376,JAVIER MAURICIO,44,"0,337"
377,JEISON,44,"0,337"
378,JOHN JAMES,44,"0,337"
379,JOSE WILLIAM,44,"0,337"
380,JOSHUA,44,"0,337"
381,KEVIN DAVID,44,"0,337"
382,OSCAR FABIAN,44,"0,337"
383,CARLOS FELIPE,43,"0,329"
384,CRISTIAN FERNANDO,43,"0,329"
385,CRISTIAN MAURICIO,43,"0,329"
386,CRISTOPHER,43,"0,329"
387,JHON EDWARD,43,"0,329"
388,JOHAN DAVID,43,"0,329"
389,LUCAS,43,"0,329"
390,PABLO EMILIO,43,"0,329"
391,RIGOBERTO,43,"0,329"
392,ALAN,42,"0,321"
393,DANIEL ALBERTO,42,"0,321"
394,FRANCISCO,42,"0,321"
395,JHON MARIO,42,"0,321"
396,JOHN HENRY,42,"0,321"
397,JOSUE,42,"0,321"
398,ROBERTO CARLOS,42,"0,321"
399,DARIO,41,"0,314"
400,EDWIN ALEXANDER,41,"0,314"
401,JACOB,41,"0,314"
402,JEREMY,41,"0,314"
403,JOHN SEBASTIAN,41,"0,314"
404,KEVIN STEVEN,41,"0,314"
405,MARIO FERNANDO,41,"0,314"
406,WILLIAM FERNANDO,41,"0,314"
407,BRAYAN ALEXIS,40,"0,306"
408,DANIEL STEVEN,40,"0,306"
409,EDGAR ANDRES,40,"0,306"
410,GEOVANNY,40,"0,306"
411,JHON FABER,40,"0,306"
412,JOEL,40,"0,306"
413,JOHAN STEVEN,40,"0,306"
414,JONATAN,40,"0,306"
415,JORGE ALEJANDRO,40,"0,306"
416,OCTAVIO,40,"0,306"
417,OMAR ANDRES,40,"0,306"
418,OSCAR JULIAN,40,"0,306"
419,ALVARO JAVIER,39,"0,298"
420,ANTONIO,39,"0,298"
421,EDWIN FERNANDO,39,"0,298"
422,FREDY ALEXANDER,39,"0,298"
423,GERMAN DARIO,39,"0,298"
424,GILDARDO,39,"0,298"
425,HUGO FERNANDO,39,"0,298"
426,JOSE EDUARDO,39,"0,298"
427,NELSON ENRIQUE,39,"0,298"
428,NORBERTO,39,"0,298"
429,PEDRO PABLO,39,"0,298"
430,AARON,38,"0,291"
431,CRISTHIAN,38,"0,291"
432,DANIEL STIVEN,38,"0,291"
433,IAN,38,"0,291"
434,JOHAN ESTEBAN,38,"0,291"
435,JOHN MARIO,38,"0,291"
436,JOSE JAVIER,38,"0,291"
437,DAVID ALEXANDER,37,"0,283"
438,DIDIER,37,"0,283"
439,DIEGO LEON,37,"0,283"
440,JOAQUIN,37,"0,283"
441,JOHAN CAMILO,37,"0,283"
442,JOSE ALFREDO,37,"0,283"
443,MILTON CESAR,37,"0,283"
444,RICHARD,37,"0,283"
445,SAMUEL FELIPE,37,"0,283"
446,CRISTIAN ALEJANDRO,36,"0,275"
447,DAVID ESTEBAN,36,"0,275"
448,JAVIER ANTONIO,36,"0,275"
449,JEAN CARLO,36,"0,275"
450,JEISON ANDRES,36,"0,275"
451,JHON EDWIN,36,"0,275"
452,JOHN EDINSON,36,"0,275"
453,JOSE,36,"0,275"
454,JOSE HUMBERTO,36,"0,275"
455,NILSON,36,"0,275"
456,CARLOS IVAN,35,"0,268"
457,DARWIN,35,"0,268"
458,DUBERNEY,35,"0,268"
459,ENRIQUE,35,"0,268"
460,HAROLD ANDRES,35,"0,268"
461,JEFFERSON ANDRES,35,"0,268"
462,JUAN ANTONIO,35,"0,268"
463,LUIS EVELIO,35,"0,268"
464,NORBEY,35,"0,268"
465,PEDRO,35,"0,268"
466,ANDRES SANTIAGO,34,"0,260"
467,BRAYAN ALEJANDRO,34,"0,260"
468,CARLOS ALFONSO,34,"0,260"
469,CESAR,34,"0,260"
470,HERIBERTO,34,"0,260"
471,JHON STEVEN,34,"0,260"
472,JHON STIVEN,34,"0,260"
473,JHONATAN ANDRES,34,"0,260"
474,JOSE GUILLERMO,34,"0,260"
475,LUIS ALEXANDER,34,"0,260"
476,LUIS HERNAN,34,"0,260"
477,MICHAEL STIVEN,34,"0,260"
478,OSCAR DARIO,34,"0,260"
479,PEDRO NEL,34,"0,260"
480,ARTURO,33,"0,252"
481,BRAYAN ALEXANDER,33,"0,252"
482,BRIAN,33,"0,252"
483,CARLOS ALFREDO,33,"0,252"
484,DAVID STIVEN,33,"0,252"
485,DIEGO FELIPE,33,"0,252"
486,FABIAN ALBERTO,33,"0,252"
487,GUILLERMO LEON,33,"0,252"
488,HUGO ARMANDO,33,"0,252"
489,JHON HENRY,33,"0,252"
490,JHONNY ALEXANDER,33,"0,252"
491,JOSE RAUL,33,"0,252"
492,JUAN ALBERTO,33,"0,252"
493,LEONEL,33,"0,252"
494,MARCO TULIO,33,"0,252"
495,NESTOR RAUL,33,"0,252"
496,OSCAR HERNAN,33,"0,252"
497,OSCAR MARINO,33,"0,252"
498,WILLIAM ALBERTO,33,"0,252"
499,ARNULFO,32,"0,245"
500,BRYAN ANDRES,32,"0,245"
501,CARLOS ANTONIO,32,"0,245"
502,CESAR DAVID,32,"0,245"
503,CRISTIAN ALEXANDER,32,"0,245"
504,CRISTIAN FABIAN,32,"0,245"
505,DYLAN ANDRES,32,"0,245"
506,JAIRO JESUS,32,"0,245"
507,JESUS ANDRES,32,"0,245"
508,JOHNATAN,32,"0,245"
509,JOSE IVAN,32,"0,245"
510,JULIAN FELIPE,32,"0,245"
511,KEVIN STIVEN,32,"0,245"
512,LUIS ANIBAL,32,"0,245"
513,MIGUEL ANDRES,32,"0,245"
514,URIEL,32,"0,245"
515,ALEX,31,"0,237"
516,ANDRES ALBERTO,31,"0,237"
517,ANDRES JULIAN,31,"0,237"
518,ANGEL,31,"0,237"
519,GERARDO ANTONIO,31,"0,237"
520,GUILLERMO ANDRES,31,"0,237"
521,JAIRO ALONSO,31,"0,237"
522,JAIRO ANTONIO,31,"0,237"
523,JAVIER ALONSO,31,"0,237"
524,JONATHAN DAVID,31,"0,237"
525,JONNATHAN,31,"0,237"
526,JOSE ANGEL,31,"0,237"
527,JOSE ARMANDO,31,"0,237"
528,LUIS FRANCISCO,31,"0,237"
529,LUIS HUMBERTO,31,"0,237"
530,LUIS JAVIER,31,"0,237"
531,NELSON ANDRES,31,"0,237"
532,PABLO CESAR,31,"0,237"
533,DAVID STEVEN,30,"0,229"
534,ERICK,30,"0,229"
535,IVAN ANDRES,30,"0,229"
536,IVAN DAVID,30,"0,229"
537,JHON FERNANDO,30,"0,229"
538,MAURICIO ALEJANDRO,30,"0,229"
539,ORLANDO JESUS,30,"0,229"
540,ADALBERTO,29,"0,222"
541,ANDRES FABIAN,29,"0,222"
542,BRANDON STEVEN,29,"0,222"
543,BRAYAN ESTIVEN,29,"0,222"
544,ELIECER,29,"0,222"
545,EMILIO,29,"0,222"
546,HERMES,29,"0,222"
547,JAVIER ENRIQUE,29,"0,222"
548,JIMMY,29,"0,222"
549,JOSE ARLEY,29,"0,222"
550,JUAN BAUTISTA,29,"0,222"
551,LUIS DANIEL,29,"0,222"
552,NELSON JESUS,29,"0,222"
553,NESTOR,29,"0,222"
554,PAULO CESAR,29,"0,222"
555,RAUL ANDRES,29,"0,222"
556,SALOMON,29,"0,222"
557,SAMUEL ANDRES,29,"0,222"
558,SEBASTIAN CAMILO,29,"0,222"
559,ADOLFO,28,"0,214"
560,ALONSO,28,"0,214"
561,ALVARO JESUS,28,"0,214"
562,CRISTIAN ALBERTO,28,"0,214"
563,DAVID LEONARDO,28,"0,214"
564,HECTOR ANDRES,28,"0,214"
565,JHAN CARLOS,28,"0,214"
566,JOHAN ALEXANDER,28,"0,214"
567,JONATHAN ALEXANDER,28,"0,214"
568,JOSE FERNEY,28,"0,214"
569,JUAN NICOLAS,28,"0,214"
570,LUIS ALBEIRO,28,"0,214"
571,LUIS ANDRES,28,"0,214"
572,MANUEL JOSE,28,"0,214"
573,MILTON,28,"0,214"
574,OSCAR ENRIQUE,28,"0,214"
575,OSCAR JESUS,28,"0,214"
576,ROLANDO,28,"0,214"
577,WILFREDO,28,"0,214"
578,ANGELO,27,"0,206"
579,FELIPE ANDRES,27,"0,206"
580,GAEL,27,"0,206"
581,GUSTAVO ALBERTO,27,"0,206"
582,HERNEY,27,"0,206"
583,IVAN CAMILO,27,"0,206"
584,JEAN POOL,27,"0,206"
585,JOSE FRANCISCO,27,"0,206"
586,JOSE WILSON,27,"0,206"
587,JOSEPH,27,"0,206"
588,JULIO ALBERTO,27,"0,206"
589,LEONARDO ANDRES,27,"0,206"
590,LUIS GONZAGA,27,"0,206"
591,MARCO AURELIO,27,"0,206"
592,MARLON ANDRES,27,"0,206"
593,MOISES,27,"0,206"
594,NICOLAS ANDRES,27,"0,206"
595,OSCAR HUMBERTO,27,"0,206"
596,OSCAR ORLANDO,27,"0,206"
597,WILLIAM ALEXANDER,27,"0,206"
598,DUVAN FELIPE,26,"0,199"
599,EDILSON,26,"0,199"
600,EDWARD ANDRES,26,"0,199"
601,ESNEIDER,26,"0,199"
602,FREDY ALBERTO,26,"0,199"
603,JAVIER ALEXANDER,26,"0,199"
604,JHON EDUARD,26,"0,199"
605,JIMMY ALEXANDER,26,"0,199"
606,JOHN FERNANDO,26,"0,199"
607,LUIS MARIO,26,"0,199"
608,MARTIN EMILIO,26,"0,199"
609,MATTHEW,26,"0,199"
610,OSCAR ALEJANDRO,26,"0,199"
611,SERGIO DAVID,26,"0,199"
612,WILLIAM DAVID,26,"0,199"
613,WILSON JESUS,26,"0,199"
614,AGUSTIN,25,"0,191"
615,ANDRES LEONARDO,25,"0,191"
616,ARBEY,25,"0,191"
617,CARLOS HERNANDO,25,"0,191"
618,CRISTOBAL,25,"0,191"
619,DILAN ANDRES,25,"0,191"
620,ELKIN,25,"0,191"
621,HAMILTON,25,"0,191"
622,HECTOR MARIO,25,"0,191"
623,HUGO ANDRES,25,"0,191"
624,JAIME ENRIQUE,25,"0,191"
625,JAIRO ALEXANDER,25,"0,191"
626,JAIRO ENRIQUE,25,"0,191"
627,JHOAN ANDRES,25,"0,191"
628,JHON EDWAR,25,"0,191"
629,JHON HAROLD,25,"0,191"
630,JOHNNATAN,25,"0,191"
631,JONATHAN STEVEN,25,"0,191"
632,JORGE ANTONIO,25,"0,191"
633,LUIS GONZALO,25,"0,191"
634,SEBASTIAN DAVID,25,"0,191"
635,ANTONY,24,"0,184"
636,BRANDON ALEXIS,24,"0,184"
637,CARLOS FABIAN,24,"0,184"
638,CARLOS JOSE,24,"0,184"
639,DANIEL RICARDO,24,"0,184"
640,EDUARDO ANDRES,24,"0,184"
641,EDWIN MAURICIO,24,"0,184"
642,FABIO ALBERTO,24,"0,184"
643,GERMAN ANTONIO,24,"0,184"
644,HARRISON,24,"0,184"
645,HECTOR JAIME,24,"0,184"
646,HECTOR JULIO,24,"0,184"
647,HECTOR MAURICIO,24,"0,184"
648,JHONNATAN,24,"0,184"
649,JHONNY,24,"0,184"
650,JOHAN MANUEL,24,"0,184"
651,JOHN HAROLD,24,"0,184"
652,JOSE ALIRIO,24,"0,184"
653,JOSE DARIO,24,"0,184"
654,JOSE JOAQUIN,24,"0,184"
655,JOSE RAMIRO,24,"0,184"
656,JOSE RODRIGO,24,"0,184"
657,JULIAN FERNANDO,24,"0,184"
658,KEVIN DANIEL,24,"0,184"
659,LUIS ARMANDO,24,"0,184"
660,MARINO,24,"0,184"
661,MARIO JESUS,24,"0,184"
662,MAURICIO ALEXANDER,24,"0,184"
663,MISAEL,24,"0,184"
664,PEDRO JOSE,24,"0,184"
665,WILDER,24,"0,184"
666,WILLIAN,24,"0,184"
667,ALEX MAURICIO,23,"0,176"
668,ARGEMIRO,23,"0,176"
669,ARIEL,23,"0,176"
670,BRAYAN CAMILO,23,"0,176"
671,CRISTIAN EDUARDO,23,"0,176"
672,CRISTIAN JAVIER,23,"0,176"
673,DANIEL DAVID,23,"0,176"
674,DILAN,23,"0,176"
675,DUVAN,23,"0,176"
676,DUVERNEY,23,"0,176"
677,EDWAR,23,"0,176"
678,GUILLERMO ANTONIO,23,"0,176"
679,JAIME JESUS,23,"0,176"
680,JOHN EDWIN,23,"0,176"
681,JOHN WILLIAM,23,"0,176"
682,JORGE WILLIAM,23,"0,176"
683,JULIO ANDRES,23,"0,176"
684,MARCELO,23,"0,176"
685,MICHAEL ALEXANDER,23,"0,176"
686,RICARDO ANTONIO,23,"0,176"
687,SAMUEL ESTEBAN,23,"0,176"
688,WILLIAM JESUS,23,"0,176"
689,YONATHAN,23,"0,176"
690,ALVARO ANTONIO,22,"0,168"
691,ALVARO ENRIQUE,22,"0,168"
692,ANDRES ESTEBAN,22,"0,168"
693,CHRISTIAN MAURICIO,22,"0,168"
694,CRISTIAN ALEXIS,22,"0,168"
695,CRISTIAN DANIEL,22,"0,168"
696,DANIEL ANTONIO,22,"0,168"
697,DAVID MAURICIO,22,"0,168"
698,DIEGO ALONSO,22,"0,168"
699,DUVAN ANDRES,22,"0,168"
700,EDWIN ALEJANDRO,22,"0,168"
701,EMERSON,22,"0,168"
702,GABRIEL JAIME,22,"0,168"
703,GERSON,22,"0,168"
704,HECTOR FABIAN,22,"0,168"
705,HUGO ALBERTO,22,"0,168"
706,JAVIER ALBERTO,22,"0,168"
707,JAVIER EDUARDO,22,"0,168"
708,JAVIER FERNANDO,22,"0,168"
709,JHOAN DAVID,22,"0,168"
710,JHON ESTEBAN,22,"0,168"
711,JHONATAN ALEXANDER,22,"0,168"
712,JOHAN ALEJANDRO,22,"0,168"
713,JOHAN ALEXIS,22,"0,168"
714,JOSE ALDEMAR,22,"0,168"
715,JOSE LIBARDO,22,"0,168"
716,JOSE MARIA,22,"0,168"
717,JUAN FRANCISCO,22,"0,168"
718,LUIS BERNARDO,22,"0,168"
719,LUIS ORLANDO,22,"0,168"
720,MARIO GERMAN,22,"0,168"
721,MAURICIO ANTONIO,22,"0,168"
722,OSCAR ALEXANDER,22,"0,168"
723,VICTOR DANIEL,22,"0,168"
724,ABRAHAM,21,"0,161"
725,ALBEIRO JESUS,21,"0,161"
726,CARLOS ARMANDO,21,"0,161"
727,CARLOS ESTEBAN,21,"0,161"
728,CARLOS JULIAN,21,"0,161"
729,CARLOS MANUEL,21,"0,161"
730,DANIEL ALEXANDER,21,"0,161"
731,DANIEL JOSE,21,"0,161"
732,DEREK,21,"0,161"
733,DIEGO LUIS,21,"0,161"
734,DILAN SANTIAGO,21,"0,161"
735,EDISSON,21,"0,161"
736,ERICK SANTIAGO,21,"0,161"
737,ESTIVEN,21,"0,161"
738,HERNAN ALONSO,21,"0,161"
739,IVAN MAURICIO,21,"0,161"
740,JAIME EDUARDO,21,"0,161"
741,JOHN FABER,21,"0,161"
742,JOHN STEVEN,21,"0,161"
743,JULIAN EDUARDO,21,"0,161"
744,JULIO ENRIQUE,21,"0,161"
745,LUIS,21,"0,161"
746,MANUEL FELIPE,21,"0,161"
747,MILTON FABIAN,21,"0,161"
748,NELSON DAVID,21,"0,161"
749,NICOLAS DAVID,21,"0,161"
750,OLIVER,21,"0,161"
751,OSCAR DANIEL,21,"0,161"
752,RAMON ELIAS,21,"0,161"
753,RUBIEL,21,"0,161"
754,SIGIFREDO,21,"0,161"
755,WILMAR ANDRES,21,"0,161"
756,YEISON DAVID,21,"0,161"
757,BRANDON STIVEN,20,"0,153"
758,CARLOS ARIEL,20,"0,153"
759,CESAR ALBERTO,20,"0,153"
760,DAMIAN,20,"0,153"
761,DIEGO HERNAN,20,"0,153"
762,EDUARD,20,"0,153"
763,EDUARDO ANTONIO,20,"0,153"
764,ELMER,20,"0,153"
765,FERNANDO ANTONIO,20,"0,153"
766,GABRIEL ANTONIO,20,"0,153"
767,HENRY ALBERTO,20,"0,153"
768,HUGO ALEJANDRO,20,"0,153"
769,JAIME HUMBERTO,20,"0,153"
770,JAVIER JESUS,20,"0,153"
771,JEFERSON ANDRES,20,"0,153"
772,JHON JAIME,20,"0,153"
773,JHON WILLIAM,20,"0,153"
774,JOAN STEVEN,20,"0,153"
775,JOHN JAIME,20,"0,153"
776,JOHNNY ALEXANDER,20,"0,153"
777,JORGE ARTURO,20,"0,153"
778,JORGE MAURICIO,20,"0,153"
779,JORGE ORLANDO,20,"0,153"
780,JOSE CARMEN,20,"0,153"
781,JOSE EDWIN,20,"0,153"
782,JOSE HERNAN,20,"0,153"
783,JOSE NICOLAS,20,"0,153"
784,JOSE REINEL,20,"0,153"
785,JUAN STEBAN,20,"0,153"
786,KEVIN ESTEBAN,20,"0,153"
787,MANUEL ANDRES,20,"0,153"
788,MARTIN ALONSO,20,"0,153"
789,RAFAEL EDUARDO,20,"0,153"
790,REINEL,20,"0,153"
791,RENE,20,"0,153"
792,RICARDO ALBERTO,20,"0,153"
793,VALENTIN,20,"0,153"
794,VICTOR,20,"0,153"
795,WILMER ANDRES,20,"0,153"
796,WILSON FERNANDO,20,"0,153"
797,ADRIAN FELIPE,19,"0,145"
798,ALEX FERNANDO,19,"0,145"
799,ANCIZAR,19,"0,145"
800,ANDRES RICARDO,19,"0,145"
801,BRIAN STEVEN,19,"0,145"
802,CARLOS STIVEN,19,"0,145"
803,CESAR MAURICIO,19,"0,145"
804,DANIEL ALFONSO,19,"0,145"
805,DANIEL CAMILO,19,"0,145"
806,EDUARDO JOSE,19,"0,145"
807,EDWIN ALEXIS,19,"0,145"
808,FERNANDO ANDRES,19,"0,145"
809,GABRIEL ALEJANDRO,19,"0,145"
810,GERMAN ALBERTO,19,"0,145"
811,GIANCARLO,19,"0,145"
812,HECTOR HERNAN,19,"0,145"
813,HECTOR IVAN,19,"0,145"
814,HECTOR MANUEL,19,"0,145"
815,JAVIER ORLANDO,19,"0,145"
816,JHOAN CAMILO,19,"0,145"
817,JHONY ALEXANDER,19,"0,145"
818,JOHAN FERNANDO,19,"0,145"
819,JOHN CARLOS,19,"0,145"
820,JORGE DAVID,19,"0,145"
821,JOSE CARLOS,19,"0,145"
822,JOSE ENRIQUE,19,"0,145"
823,JOSE WILMAR,19,"0,145"
824,JUAN,19,"0,145"
825,JUAN ANGEL,19,"0,145"
826,JUAN DIOS,19,"0,145"
827,JUAN MAURICIO,19,"0,145"
828,LUCIANO,19,"0,145"
829,LUIS ARTURO,19,"0,145"
830,MARLON STIVEN,19,"0,145"
831,MILLER,19,"0,145"
832,MILTON ANDRES,19,"0,145"
833,OSCAR ARMANDO,19,"0,145"
834,OTONIEL,19,"0,145"
835,RODRIGO ANDRES,19,"0,145"
836,SAMIR,19,"0,145"
837,SAUL,19,"0,145"
838,SEBASTIAN ANDRES,19,"0,145"
839,WILSON JAVIER,19,"0,145"
840,ANGEL GABRIEL,18,"0,138"
841,BRIAN ANDRES,18,"0,138"
842,BRYAN ALEXANDER,18,"0,138"
843,CAMILO ERNESTO,18,"0,138"
844,CHRISTIAN FERNANDO,18,"0,138"
845,DANIEL ENRIQUE,18,"0,138"
846,DAVID EDUARDO,18,"0,138"
847,DAVID RICARDO,18,"0,138"
848,EDGAR ALEXANDER,18,"0,138"
849,EDGAR JESUS,18,"0,138"
850,EFREN,18,"0,138"
851,ELIAS,18,"0,138"
852,FRANCISCO JOSE,18,"0,138"
853,FRANCISCO LUIS,18,"0,138"
854,FREDDY ALEXANDER,18,"0,138"
855,GIOVANNY ANDRES,18,"0,138"
856,HAROLD MAURICIO,18,"0,138"
857,HERNAN DAVID,18,"0,138"
858,HORACIO,18,"0,138"
859,IKER,18,"0,138"
860,ISRAEL,18,"0,138"
861,IVAN ALEJANDRO,18,"0,138"
862,JESUS,18,"0,138"
863,JESUS EDUARDO,18,"0,138"
864,JHON CARLOS,18,"0,138"
865,JOHAN MAURICIO,18,"0,138"
866,JORGE HERNANDO,18,"0,138"
867,JOSE DANILO,18,"0,138"
868,JOSE ELIECER,18,"0,138"
869,JOSE GERMAN,18,"0,138"
870,JOSE URIEL,18,"0,138"
871,JUAN STEVAN,18,"0,138"
872,KEVIN ALEXIS,18,"0,138"
873,LUIS ADRIAN,18,"0,138"
874,LUIS FERNEY,18,"0,138"
875,LUIS GERARDO,18,"0,138"
876,MARIO ALFONSO,18,"0,138"
877,NICOLAS ESTEBAN,18,"0,138"
878,OSCAR LEONARDO,18,"0,138"
879,ROBINSON ANDRES,18,"0,138"
880,ROGER,18,"0,138"
881,VALENTINO,18,"0,138"
882,WILBER,18,"0,138"
883,YEFFERSON,18,"0,138"
884,BRYAN DAVID,17,"0,130"
885,CAMILO ALBERTO,17,"0,130"
886,DANNY,17,"0,130"
887,DIEGO FABIAN,17,"0,130"
888,DOMINIC,17,"0,130"
889,FABIAN MAURICIO,17,"0,130"
890,FRANK,17,"0,130"
891,GERMAN ALONSO,17,"0,130"
892,GERMAN EDUARDO,17,"0,130"
893,HECTOR JAVIER,17,"0,130"
894,JAIME ALONSO,17,"0,130"
895,JEFERSSON,17,"0,130"
896,JEISSON,17,"0,130"
897,JEISSON ANDRES,17,"0,130"
898,JHON JADER,17,"0,130"
899,JHONNY ALEJANDRO,17,"0,130"
900,JOHAN FELIPE,17,"0,130"
901,JOHN EDISSON,17,"0,130"
902,JOHN STIVEN,17,"0,130"
903,JOHNNY,17,"0,130"
904,JONATHAN STIVEN,17,"0,130"
905,JOSE EDGAR,17,"0,130"
906,JOSE JAIRO,17,"0,130"
907,JOSE NORBEY,17,"0,130"
908,KEVIN FERNANDO,17,"0,130"
909,KEVIN MAURICIO,17,"0,130"
910,LUIS SANTIAGO,17,"0,130"
911,NICOLAS SANTIAGO,17,"0,130"
912,OMAR ENRIQUE,17,"0,130"
913,OSCAR ALONSO,17,"0,130"
914,OSCAR ANTONIO,17,"0,130"
915,PAULO ANDRES,17,"0,130"
916,RAUL ANTONIO,17,"0,130"
917,RICARDO JOSE,17,"0,130"
918,ROBERTO ANTONIO,17,"0,130"
919,RODRIGO ANTONIO,17,"0,130"
920,WILSON ALEXANDER,17,"0,130"
921,WILSON ANTONIO,17,"0,130"
922,YEISON ALEJANDRO,17,"0,130"
923,ANDRES STEVEN,16,"0,122"
924,ANGEL MARIA,16,"0,122"
925,BRYAN STIVEN,16,"0,122"
926,CARLOS ALEJANDRO,16,"0,122"
927,CARLOS ERNESTO,16,"0,122"
928,CHRISTIAN ALBERTO,16,"0,122"
929,CRISTIAN ANTONIO,16,"0,122"
930,DAVID ALBERTO,16,"0,122"
931,DAVID ANTONIO,16,"0,122"
932,DIEGO EDINSON,16,"0,122"
933,DIEGO GERMAN,16,"0,122"
934,DYLAN SANTIAGO,16,"0,122"
935,EDIER,16,"0,122"
936,EDWIN FABIAN,16,"0,122"
937,EIDER,16,"0,122"
938,EVELIO,16,"0,122"
939,FABIAN EDUARDO,16,"0,122"
940,FREDY ANDRES,16,"0,122"
941,GABRIEL ANGEL,16,"0,122"
942,GUSTAVO ALONSO,16,"0,122"
943,HECTOR ALONSO,16,"0,122"
944,HELMER,16,"0,122"
945,HENRY ALEXANDER,16,"0,122"
946,HUGO ALEXANDER,16,"0,122"
947,IVAN FELIPE,16,"0,122"
948,JEISON DAVID,16,"0,122"
949,JHOAN STEVEN,16,"0,122"
950,JHONATAN DAVID,16,"0,122"
951,JHONY ALEJANDRO,16,"0,122"
952,JOAN ANDRES,16,"0,122"
953,JOHN FABIO,16,"0,122"
954,JUSTIN,16,"0,122"
955,LARRY,16,"0,122"
956,LUIS EMILIO,16,"0,122"
957,LUIS ESTEBAN,16,"0,122"
958,NIKOLAS,16,"0,122"
959,NOAH,16,"0,122"
960,NOLBERTO,16,"0,122"
961,ROSEMBERG,16,"0,122"
962,RUBEN,16,"0,122"
963,SALVADOR,16,"0,122"
964,SAMUEL ANTONIO,16,"0,122"
965,SANTIAGO ALEJANDRO,16,"0,122"
966,SANTIAGO JOSE,16,"0,122"
967,VICTOR MARIO,16,"0,122"
968,WILLINGTON,16,"0,122"
969,ABELARDO,15,"0,115"
970,ADOLFO LEON,15,"0,115"
971,ANGEL SANTIAGO,15,"0,115"
972,ARLEX,15,"0,115"
973,AXEL,15,"0,115"
974,BERNARDO ANTONIO,15,"0,115"
975,CAMILO ALEJANDRO,15,"0,115"
976,CARLOS ADRIAN,15,"0,115"
977,CARLOS ORLANDO,15,"0,115"
978,CESAR ALEJANDRO,15,"0,115"
979,CRISTHIAN FELIPE,15,"0,115"
980,CRISTHIAN MAURICIO,15,"0,115"
981,CRISTIAN LEONARDO,15,"0,115"
982,DAVID CAMILO,15,"0,115"
983,DAVID ENRIQUE,15,"0,115"
984,DIEGO JAVIER,15,"0,115"
985,EDUARDO ENRIQUE,15,"0,115"
986,ERIC,15,"0,115"
987,FABIAN ALEJANDRO,15,"0,115"
988,FABIAN ENRIQUE,15,"0,115"
989,GERMAN DAVID,15,"0,115"
990,HECTOR ALEXANDER,15,"0,115"
991,HECTOR JESUS,15,"0,115"
992,IGNACIO,15,"0,115"
993,JAMES ANDRES,15,"0,115"
994,JAVIER ALEJANDRO,15,"0,115"
995,JEISON STEVEN,15,"0,115"
996,JERSON,15,"0,115"
997,JHOAN ESTEBAN,15,"0,115"
998,JHONATAN STIVEN,15,"0,115"
999,JOHN ALEXIS,15,"0,115"
1000,JOHN DAVID,15,"0,115"
1001,JOHN EDUARD,15,"0,115"
1002,JOHN WALTER,15,"0,115"
1003,JORGE ADRIAN,15,"0,115"
1004,JORGE AUGUSTO,15,"0,115"
1005,JOSE ADRIAN,15,"0,115"
1006,JOSE ALVARO,15,"0,115"
1007,JOSE ARTURO,15,"0,115"
1008,JOSE CAMILO,15,"0,115"
1009,JOSE DUVAN,15,"0,115"
1010,JOSE GUSTAVO,15,"0,115"
1011,JOSE JAIR,15,"0,115"
1012,JOSE RAFAEL,15,"0,115"
1013,JOSE RUBIEL,15,"0,115"
1014,LUIS MANUEL,15,"0,115"
1015,MARCOS,15,"0,115"
1016,MAURICIO ALBERTO,15,"0,115"
1017,MIGUEL FERNANDO,15,"0,115"
1018,NELSON EDUARDO,15,"0,115"
1019,OSCAR HERNANDO,15,"0,115"
1020,OSCAR SANTIAGO,15,"0,115"
1021,SEBASTIAN ALEJANDRO,15,"0,115"
1022,SERGIO IVAN,15,"0,115"
1023,SILVIO,15,"0,115"
1024,VICTOR JULIO,15,"0,115"
1025,WILLIAM HERNAN,15,"0,115"
1026,ANDERSON DAVID,14,"0,107"
1027,ANDRES STIVEN,14,"0,107"
1028,ARCESIO,14,"0,107"
1029,CARLOS ALIRIO,14,"0,107"
1030,CESAR IVAN,14,"0,107"
1031,CHARLES,14,"0,107"
1032,CHRISTIAN ALEJANDRO,14,"0,107"
1033,DAIRO,14,"0,107"
1034,DANNY ALEXANDER,14,"0,107"
1035,DEIBY,14,"0,107"
1036,DIEGO JULIAN,14,"0,107"
1037,DOMINICK,14,"0,107"
1038,EDGAR EDUARDO,14,"0,107"
1039,EDGAR MAURICIO,14,"0,107"
1040,EDUAR,14,"0,107"
1041,EDWIN DAVID,14,"0,107"
1042,ENMANUEL,14,"0,107"
1043,EZEQUIEL,14,"0,107"
1044,FABIO ALEXANDER,14,"0,107"
1045,FREDY ALEJANDRO,14,"0,107"
1046,GILDARDO ANTONIO,14,"0,107"
1047,GUSTAVO ANTONIO,14,"0,107"
1048,GUSTAVO ENRIQUE,14,"0,107"
1049,HECTOR JULIAN,14,"0,107"
1050,HOLMES,14,"0,107"
1051,JAVIER AUGUSTO,14,"0,107"
1052,JAVIER DARIO,14,"0,107"
1053,JAVIER HERNANDO,14,"0,107"
1054,JESUS HERNANDO,14,"0,107"
1055,JHON FABIO,14,"0,107"
1056,JHON WILSON,14,"0,107"
1057,JHONATTAN,14,"0,107"
1058,JHONIER,14,"0,107"
1059,JOAN CAMILO,14,"0,107"
1060,JOAN MANUEL,14,"0,107"
1061,JOHAN ALBERTO,14,"0,107"
1062,JORGE OLMEDO,14,"0,107"
1063,JORGE OMAR,14,"0,107"
1064,JOSE FABIAN,14,"0,107"
1065,JOSE GILBERTO,14,"0,107"
1066,JOSE YESID,14,"0,107"
1067,JUAN EDUARDO,14,"0,107"
1068,JUAN IGNACIO,14,"0,107"
1069,JUAN JACOBO,14,"0,107"
1070,JULIAN DARIO,14,"0,107"
1071,JULIO,14,"0,107"
1072,KEVIN ALBERTO,14,"0,107"
1073,LUIS ALONSO,14,"0,107"
1074,MAICOL,14,"0,107"
1075,MANUEL RICARDO,14,"0,107"
1076,MARCO FIDEL,14,"0,107"
1077,MARIO ALEXANDER,14,"0,107"
1078,MARLON DAVID,14,"0,107"
1079,MARTIN ANDRES,14,"0,107"
1080,NELSON ALBERTO,14,"0,107"
1081,NELSON FABIAN,14,"0,107"
1082,OMAR JESUS,14,"0,107"
1083,PABLO ALEJANDRO,14,"0,107"
1084,PEDRO ALEJANDRO,14,"0,107"
1085,RAFAEL ENRIQUE,14,"0,107"
1086,ROBERT,14,"0,107"
1087,RONAL,14,"0,107"
1088,RONALDO,14,"0,107"
1089,SANDRO,14,"0,107"
1090,SEBASTIAN FELIPE,14,"0,107"
1091,SERGIO DANIEL,14,"0,107"
1092,WILLIAM ANTONIO,14,"0,107"
1093,WILLIAM ENRIQUE,14,"0,107"
1094,YEISON FERNANDO,14,"0,107"
1095,YEISON STIVEN,14,"0,107"
1096,ALEJANDRO JOSE,13,"0,099"
1097,ARLES,13,"0,099"
1098,BERNARDO JESUS,13,"0,099"
1099,BRAHIAN,13,"0,099"
1100,BRAYAN FELIPE,13,"0,099"
1101,CAMILO EDUARDO,13,"0,099"
1102,CARLOS ALONSO,13,"0,099"
1103,CARLOS HOLMES,13,"0,099"
1104,CHRISTIAN ALEXANDER,13,"0,099"
1105,CRISTHIAN ALBERTO,13,"0,099"
1106,CRISTHIAN FERNANDO,13,"0,099"
1107,DANIEL MATEO,13,"0,099"
1108,DANIEL SEBASTIAN,13,"0,099"
1109,DANNY ALEJANDRO,13,"0,099"
1110,DARIO JESUS,13,"0,099"
1111,DEIBY ALEJANDRO,13,"0,099"
1112,DIEGO ANTONIO,13,"0,099"
1113,EDISON ANDRES,13,"0,099"
1114,ELKIN DARIO,13,"0,099"
1115,ESTEBAN ALEJANDRO,13,"0,099"
1116,EYDER,13,"0,099"
1117,FABIAN ALEXANDER,13,"0,099"
1118,FABIAN ESTEBAN,13,"0,099"
1119,FABIO ENRIQUE,13,"0,099"
1120,FABIO JESUS,13,"0,099"
1121,FERNANDO JESUS,13,"0,099"
1122,FREDY ANTONIO,13,"0,099"
1123,GUSTAVO JESUS,13,"0,099"
1124,HARVEY,13,"0,099"
1125,HECTOR EDUARDO,13,"0,099"
1126,HECTOR FERNANDO,13,"0,099"
1127,HENRY MAURICIO,13,"0,099"
1128,HERNANDO JESUS,13,"0,099"
1129,JANIER,13,"0,099"
1130,JEFFERSON DAVID,13,"0,099"
1131,JESUS DANIEL,13,"0,099"
1132,JESUS MAURICIO,13,"0,099"
1133,JHOAN MANUEL,13,"0,099"
1134,JHON,13,"0,099"
1135,JHON WILMAR,13,"0,099"
1136,JHONNY ANDRES,13,"0,099"
1137,JOHANN SEBASTIAN,13,"0,099"
1138,JOHN ESTEBAN,13,"0,099"
1139,JONNY ALEXANDER,13,"0,099"
1140,JORGE ALBEIRO,13,"0,099"
1141,JOSE ALFONSO,13,"0,099"
1142,JOSE ANIBAL,13,"0,099"
1143,JOSE ARBEY,13,"0,099"
1144,JOSE BERNARDO,13,"0,099"
1145,JOSE DOMINGO,13,"0,099"
1146,JOSE GERARDO,13,"0,099"
1147,JOSE HERNANDO,13,"0,099"
1148,JOSE MARIO,13,"0,099"
1149,JOSE NELSON,13,"0,099"
1150,JOSE RODOLFO,13,"0,099"
1151,JULIAN ALEJANDRO,13,"0,099"
1152,JULIAN ALEXANDER,13,"0,099"
1153,LORENZO,13,"0,099"
1154,LUIS HORACIO,13,"0,099"
1155,MANUEL SANTIAGO,13,"0,099"
1156,MIGUEL ALEJANDRO,13,"0,099"
1157,MIGUEL EDUARDO,13,"0,099"
1158,MIGUEL SANTIAGO,13,"0,099"
1159,OLMEDO,13,"0,099"
1160,OSCAR FELIPE,13,"0,099"
1161,OSCAR MANUEL,13,"0,099"
1162,ROGELIO,13,"0,099"
1163,SERGIO ESTEBAN,13,"0,099"
1164,SERGIO LUIS,13,"0,099"
1165,UBERNEY,13,"0,099"
1166,VICTOR JAVIER,13,"0,099"
1167,VICTOR RAUL,13,"0,099"
1168,WILLIAM DARIO,13,"0,099"
1169,WILLIAM MAURICIO,13,"0,099"
1170,WILSON ALBERTO,13,"0,099"
1171,WILSON DAVID,13,"0,099"
1172,YONATAN,13,"0,099"
1173,ALCIDES,12,"0,092"
1174,ALEX DAVID,12,"0,092"
1175,ALEXANDER JESUS,12,"0,092"
1176,ALVEIRO,12,"0,092"
1177,ANDERSSON,12,"0,092"
1178,ANDRES GUILLERMO,12,"0,092"
1179,ANDREW,12,"0,092"
1180,ANGEL ALBERTO,12,"0,092"
1181,AUGUSTO,12,"0,092"
1182,BAYRON,12,"0,092"
1183,BRANDON ANDRES,12,"0,092"
1184,BRANDON DAVID,12,"0,092"
1185,BRAYAN MAURICIO,12,"0,092"
1186,BRYAN ALEXIS,12,"0,092"
1187,CARLOS EMILIO,12,"0,092"
1188,CARLOS STEVEN,12,"0,092"
1189,CESAR TULIO,12,"0,092"
1190,DARWIN ANDRES,12,"0,092"
1191,EDGAR AUGUSTO,12,"0,092"
1192,EDWAR ANDRES,12,"0,092"
1193,EDWIN JAVIER,12,"0,092"
1194,EDWIN SANTIAGO,12,"0,092"
1195,FARID,12,"0,092"
1196,GABRIEL EDUARDO,12,"0,092"
1197,GUILLERMO ALFONSO,12,"0,092"
1198,HECTOR ALEJANDRO,12,"0,092"
1199,HECTOR DAVID,12,"0,092"
1200,HENRY JESUS,12,"0,092"
1201,HOOVER,12,"0,092"
1202,HUGO FERNEY,12,"0,092"
1203,IZAN,12,"0,092"
1204,JAIDER,12,"0,092"
1205,JAIME ANTONIO,12,"0,092"
1206,JAIME AUGUSTO,12,"0,092"
1207,JESUS ENRIQUE,12,"0,092"
1208,JHON ALEXIS,12,"0,092"
1209,JHON EDUAR,12,"0,092"
1210,JHON KEVIN,12,"0,092"
1211,JHONIER ANDRES,12,"0,092"
1212,JHONY,12,"0,092"
1213,JOHAN DANIEL,12,"0,092"
1214,JOHAN SANTIAGO,12,"0,092"
1215,JOHANY,12,"0,092"
1216,JOHN,12,"0,092"
1217,JOHN JADER,12,"0,092"
1218,JORGE ESTEBAN,12,"0,092"
1219,JOSE NORBERTO,12,"0,092"
1220,JOSE OSCAR,12,"0,092"
1221,JOSE REINALDO,12,"0,092"
1222,JOSE SANTIAGO,12,"0,092"
1223,JOSE SEBASTIAN,12,"0,092"
1224,JUAN JESUS,12,"0,092"
1225,JULIO ERNESTO,12,"0,092"
1226,KEVIN SEBASTIAN,12,"0,092"
1227,LUIS MATEO,12,"0,092"
1228,MATTEO,12,"0,092"
1229,NELSON ANTONIO,12,"0,092"
1230,NESTOR ANDRES,12,"0,092"
1231,NESTOR IVAN,12,"0,092"
1232,OMAR ANTONIO,12,"0,092"
1233,ORLANDO ANTONIO,12,"0,092"
1234,OSCAR AUGUSTO,12,"0,092"
1235,PEDRO ANDRES,12,"0,092"
1236,RAFAEL DAVID,12,"0,092"
1237,RAMON,12,"0,092"
1238,RAUL ALBERTO,12,"0,092"
1239,RAUL FERNANDO,12,"0,092"
1240,RICHARD ANDRES,12,"0,092"
1241,ROBINSON JESUS,12,"0,092"
1242,RODRIGO ALBERTO,12,"0,092"
1243,STEVEN ANDRES,12,"0,092"
1244,VICTOR ALONSO,12,"0,092"
1245,VICTOR EDUARDO,12,"0,092"
1246,WALTER ANDRES,12,"0,092"
1247,WILLIAM RICARDO,12,"0,092"
1248,WILLIAM STEVEN,12,"0,092"
1249,WILMAR ALEXANDER,12,"0,092"
1250,YIMMY,12,"0,092"
1251,ANDREY,11,"0,084"
1252,ANGEL ANDRES,11,"0,084"
1253,ANGEL JESUS,11,"0,084"
1254,BELISARIO,11,"0,084"
1255,BRAYAN FERNANDO,11,"0,084"
1256,BRYAN ALEJANDRO,11,"0,084"
1257,CAMPO ELIAS,11,"0,084"
1258,CARLOS GUSTAVO,11,"0,084"
1259,CARLOS ROBERTO,11,"0,084"
1260,CESAR LEONARDO,11,"0,084"
1261,CHRISTIAN FELIPE,11,"0,084"
1262,CONRADO,11,"0,084"
1263,CRISTIAN ORLANDO,11,"0,084"
1264,CRISTOFER,11,"0,084"
1265,DANIEL FRANCISCO,11,"0,084"
1266,DANIEL HUMBERTO,11,"0,084"
1267,DAVID ORLANDO,11,"0,084"
1268,EDGAR JAVIER,11,"0,084"
1269,EDWIN ALONSO,11,"0,084"
1270,EDWIN ANTONIO,11,"0,084"
1271,ERIK SANTIAGO,11,"0,084"
1272,ERWIN,11,"0,084"
1273,ETHAN,11,"0,084"
1274,FABIAN ALONSO,11,"0,084"
1275,FABIAN ANTONIO,11,"0,084"
1276,FABIAN LEONARDO,11,"0,084"
1277,FABIAN ORLANDO,11,"0,084"
1278,FABIO ANTONIO,11,"0,084"
1279,FELIX,11,"0,084"
1280,FERNANDO ALONSO,11,"0,084"
1281,GABRIEL ANDRES,11,"0,084"
1282,GERSON DAVID,11,"0,084"
1283,GILBERTO ANTONIO,11,"0,084"
1284,GIOVANI,11,"0,084"
1285,GIOVANY,11,"0,084"
1286,GUSTAVO ALFONSO,11,"0,084"
1287,HAROLD ANTONIO,11,"0,084"
1288,HARRY,11,"0,084"
1289,HECTOR AUGUSTO,11,"0,084"
1290,HECTOR HUGO,11,"0,084"
1291,HERNAN ALBERTO,11,"0,084"
1292,HUMBERTO JESUS,11,"0,084"
1293,ISAIAS,11,"0,084"
1294,JAIME ARTURO,11,"0,084"
1295,JARED,11,"0,084"
1296,JEFFREY,11,"0,084"
1297,JEYSON,11,"0,084"
1298,JHON MICHAEL,11,"0,084"
1299,JIMMY ANDRES,11,"0,084"
1300,JOAN ESTEBAN,11,"0,084"
1301,JOEL ANDRES,11,"0,084"
1302,JOHN MAURICIO,11,"0,084"
1303,JOSE ALONSO,11,"0,084"
1304,JOSE GILDARDO,11,"0,084"
1305,JOSE HERIBERTO,11,"0,084"
1306,JOSE HERNEY,11,"0,084"
1307,JOSE LEONEL,11,"0,084"
1308,JOSE MARTIN,11,"0,084"
1309,JOSE RAMON,11,"0,084"
1310,JOSE ROBERTO,11,"0,084"
1311,JOSE WALTER,11,"0,084"
1312,JUAN LUIS,11,"0,084"
1313,LUIS CAMILO,11,"0,084"
1314,LUIS GERMAN,11,"0,084"
1315,LUIS JOSE,11,"0,084"
1316,LUIS MAURICIO,11,"0,084"
1317,MANUEL ALBERTO,11,"0,084"
1318,MANUEL ESTEBAN,11,"0,084"
1319,MARCO,11,"0,084"
1320,MATEO ALEJANDRO,11,"0,084"
1321,MILAN,11,"0,084"
1322,NELSON JAVIER,11,"0,084"
1323,NESTOR FABIAN,11,"0,084"
1324,NESTOR JULIAN,11,"0,084"
1325,NICOLAS FELIPE,11,"0,084"
1326,OMAR ALBERTO,11,"0,084"
1327,PEDRO JULIO,11,"0,084"
1328,RAFAEL ALBERTO,11,"0,084"
1329,RAUL EDUARDO,11,"0,084"
1330,RICARDO JESUS,11,"0,084"
1331,RODRIGO JESUS,11,"0,084"
1332,VICENTE,11,"0,084"
1333,WILDER ANDRES,11,"0,084"
1334,WILLIAM EDUARDO,11,"0,084"
1335,YEINER,11,"0,084"
1336,YEISON ALEXANDER,11,"0,084"
1337,YERSON,11,"0,084"
1338,YOVANNY,11,"0,084"
1339,YULIAN ANDRES,11,"0,084"
1340,ALBERTO ANTONIO,10,"0,076"
1341,ALVARO HERNAN,10,"0,076"
1342,ANDRES ALEJANDRO,10,"0,076"
1343,ANDRES ALFONSO,10,"0,076"
1344,ANDRES JOSE,10,"0,076"
1345,ANDRES ORLANDO,10,"0,076"
1346,ANDRES SEBASTIAN,10,"0,076"
1347,ANIBAL,10,"0,076"
1348,ARNOLDO,10,"0,076"
1349,ARQUIMEDES,10,"0,076"
1350,BRAYAN ALBERTO,10,"0,076"
1351,CAMILO ARTURO,10,"0,076"
1352,CAMILO JOSE,10,"0,076"
1353,CARLOS ADOLFO,10,"0,076"
1354,CARLOS ALEXANDER,10,"0,076"
1355,CESAR JULIO,10,"0,076"
1356,CESAR ORLANDO,10,"0,076"
1357,CRISTHIAN EDUARDO,10,"0,076"
1358,CRISTIAN JOSE,10,"0,076"
1359,CRISTIAN JULIAN,10,"0,076"
1360,CRISTIAN LEANDRO,10,"0,076"
1361,CRISTIAN STEVEN,10,"0,076"
1362,DANIEL ALEXIS,10,"0,076"
1363,DANTE,10,"0,076"
1364,DAVID JULIAN,10,"0,076"
1365,DIEGO ALFONSO,10,"0,076"
1366,DIEGO CAMILO,10,"0,076"
1367,DIEGO FRANCISCO,10,"0,076"
1368,EDGAR DAVID,10,"0,076"
1369,EDGAR ENRIQUE,10,"0,076"
1370,EDGAR FERNANDO,10,"0,076"
1371,EVER,10,"0,076"
1372,FABIAN CAMILO,10,"0,076"
1373,FABIO ALEJANDRO,10,"0,076"
1374,FERNANDO ALBERTO,10,"0,076"
1375,FREDDY ALEJANDRO,10,"0,076"
1376,FREDY HERNAN,10,"0,076"
1377,GEOVANNI,10,"0,076"
1378,GERARDO ANDRES,10,"0,076"
1379,GIOVANNI ANDRES,10,"0,076"
1380,GUILLERMO JESUS,10,"0,076"
1381,HECTOR ALFONSO,10,"0,076"
1382,HERMAN,10,"0,076"
1383,HUMBERTO ANTONIO,10,"0,076"
1384,IVAN ALBERTO,10,"0,076"
1385,JAIME ALEXANDER,10,"0,076"
1386,JAIME DAVID,10,"0,076"
1387,JAIR ANDRES,10,"0,076"
1388,JAIRO ALEJANDRO,10,"0,076"
1389,JAMES ALBERTO,10,"0,076"
1390,JAVIER ALEXIS,10,"0,076"
1391,JAVIER FELIPE,10,"0,076"
1392,JAVIER HUMBERTO,10,"0,076"
1393,JAVIER RICARDO,10,"0,076"
1394,JERSON ANDRES,10,"0,076"
1395,JERSON DAVID,10,"0,076"
1396,JESUS MANUEL,10,"0,076"
1397,JHOAN ALEXANDER,10,"0,076"
1398,JHON JAIDER,10,"0,076"
1399,JIMMY ALEJANDRO,10,"0,076"
1400,JOHNATHAN,10,"0,076"
1401,JOHNATTAN,10,"0,076"
1402,JONATAN ANDRES,10,"0,076"
1403,JONATHAN ALEXIS,10,"0,076"
1404,JONATHAN FERNANDO,10,"0,076"
1405,JOSE DIEGO,10,"0,076"
1406,JOSE ESTEBAN,10,"0,076"
1407,JOSE HENRY,10,"0,076"
1408,JOVANNY,10,"0,076"
1409,JULIAN RICARDO,10,"0,076"
1410,KEVIN JULIAN,10,"0,076"
1411,LISANDRO,10,"0,076"
1412,LUIS FABIAN,10,"0,076"
1413,MANUEL ENRIQUE,10,"0,076"
1414,MANUEL JESUS,10,"0,076"
1415,MARIO ENRIQUE,10,"0,076"
1416,MAURICIO JAVIER,10,"0,076"
1417,MICHAEL DAVID,10,"0,076"
1418,NICOLAS ALBERTO,10,"0,076"
1419,NORMAN,10,"0,076"
1420,OMAR DAVID,10,"0,076"
1421,OSCAR ALFREDO,10,"0,076"
1422,OSCAR MARIO,10,"0,076"
1423,PABLO ANTONIO,10,"0,076"
1424,PABLO ENRIQUE,10,"0,076"
1425,PEDRO ALEXANDER,10,"0,076"
1426,RAFAEL ANDRES,10,"0,076"
1427,RAMIRO ANDRES,10,"0,076"
1428,RAMIRO ANTONIO,10,"0,076"
1429,REINALDO ANTONIO,10,"0,076"
1430,RICHARD ALEXANDER,10,"0,076"
1431,RONALD ANDRES,10,"0,076"
1432,SAMUEL FERNANDO,10,"0,076"
1433,SAMUEL SANTIAGO,10,"0,076"
1434,SANTIAGO ALBERTO,10,"0,076"
1435,SERGIO ALEXANDER,10,"0,076"
1436,TULIO ENRIQUE,10,"0,076"
1437,VICTOR ALEJANDRO,10,"0,076"
1438,VICTOR MAURICIO,10,"0,076"
1439,WALTER JESUS,10,"0,076"
1440,WILLIAM ESTEBAN,10,"0,076"
1441,WILMER ALEXANDER,10,"0,076"
1442,YHON JAIRO,10,"0,076"
1443,ABEL,9,"0,069"
1444,ABSALON,9,"0,069"
1445,ALBERTO JOSE,9,"0,069"
1446,ALVARO IVAN,9,"0,069"
1447,ANDERSON JAVIER,9,"0,069"
1448,ANDRES ANTONIO,9,"0,069"
1449,ANGEL DANIEL,9,"0,069"
1450,ANGEL FELIPE,9,"0,069"
1451,ARISTOBULO,9,"0,069"
1452,BRAYAN DANIEL,9,"0,069"
1453,CARLOS DARIO,9,"0,069"
1454,CESAR EDUARDO,9,"0,069"
1455,CESAR ENRIQUE,9,"0,069"
1456,CHRISTIAN EDUARDO,9,"0,069"
1457,CRISTHIAN DANIEL,9,"0,069"
1458,CRISTIAN DARIO,9,"0,069"
1459,DANIEL ARTURO,9,"0,069"
1460,DANIEL AUGUSTO,9,"0,069"
1461,DANIEL JULIAN,9,"0,069"
1462,DAVID FRANCISCO,9,"0,069"
1463,DAVID JOSE,9,"0,069"
1464,DIEGO ARTURO,9,"0,069"
1465,DIEGO JOSE,9,"0,069"
1466,DIEGO LEONARDO,9,"0,069"
1467,DIEGO SEBASTIAN,9,"0,069"
1468,DOUGLAS,9,"0,069"
1469,DYLAN ALEJANDRO,9,"0,069"
1470,EDGAR ALBERTO,9,"0,069"
1471,EDGAR ANTONIO,9,"0,069"
1472,EDISON FERNANDO,9,"0,069"
1473,EDWARD ALEXANDER,9,"0,069"
1474,EMANUEL DAVID,9,"0,069"
1475,ERIK,9,"0,069"
1476,EUGENIO,9,"0,069"
1477,FELIPE ALEJANDRO,9,"0,069"
1478,FELIX ANTONIO,9,"0,069"
1479,FERNANDO JOSE,9,"0,069"
1480,FIDEL,9,"0,069"
1481,GABRIEL ESTEBAN,9,"0,069"
1482,GENARO,9,"0,069"
1483,GERMAN AUGUSTO,9,"0,069"
1484,HAROL,9,"0,069"
1485,HEBER,9,"0,069"
1486,HEBERT,9,"0,069"
1487,HENRY ANTONIO,9,"0,069"
1488,HERMINSUL,9,"0,069"
1489,HERNAN FELIPE,9,"0,069"
1490,IAN ANDRES,9,"0,069"
1491,ISAAC DAVID,9,"0,069"
1492,JAIME ALEJANDRO,9,"0,069"
1493,JAIVER,9,"0,069"
1494,JAMES ANTONIO,9,"0,069"
1495,JAVIER ALFONSO,9,"0,069"
1496,JAVIER ARTURO,9,"0,069"
1497,JAVIER HERNAN,9,"0,069"
1498,JESUS GABRIEL,9,"0,069"
1499,JESUS HERNAN,9,"0,069"
1500,JESUS ORLANDO,9,"0,069"
1501,JHON DAVID,9,"0,069"
1502,JHON JAVIER,9,"0,069"
1503,JHONATAN STEVEN,9,"0,069"
1504,JOAN DAVID,9,"0,069"
1505,JONATHAN MAURICIO,9,"0,069"
1506,JONNY,9,"0,069"
1507,JORGE ANIBAL,9,"0,069"
1508,JORGE ARIEL,9,"0,069"
1509,JORGE IGNACIO,9,"0,069"
1510,JORGE ISAAC,9,"0,069"
1511,JOSE AGUSTIN,9,"0,069"
1512,JOSE DIDIER,9,"0,069"
1513,JOSE EDILBERTO,9,"0,069"
1514,JOSE GONZALO,9,"0,069"
1515,JOSE LEANDRO,9,"0,069"
1516,JOSE OCTAVIO,9,"0,069"
1517,JOSE WILMER,9,"0,069"
1518,JOSEPH DAVID,9,"0,069"
1519,JOVANY,9,"0,069"
1520,JUAN JAVIER,9,"0,069"
1521,JULIAN SANTIAGO,9,"0,069"
1522,JUVENAL,9,"0,069"
1523,KEVIN ANDREY,9,"0,069"
1524,KEVIN EDUARDO,9,"0,069"
1525,LAUREANO,9,"0,069"
1526,LEONIDAS,9,"0,069"
1527,LIBARDO ANTONIO,9,"0,069"
1528,LUIS ALVARO,9,"0,069"
1529,LUIS GILBERTO,9,"0,069"
1530,LUIS IGNACIO,9,"0,069"
1531,LUKAS,9,"0,069"
1532,MANUEL EDUARDO,9,"0,069"
1533,MAURICIO ENRIQUE,9,"0,069"
1534,MICHEL,9,"0,069"
1535,MIGUEL DAVID,9,"0,069"
1536,NESTOR FABIO,9,"0,069"
1537,NESTOR FERNANDO,9,"0,069"
1538,NESTOR JAVIER,9,"0,069"
1539,NICOLAS ALEJANDRO,9,"0,069"
1540,OCTAVIO JESUS,9,"0,069"
1541,OMAR ALEJANDRO,9,"0,069"
1542,OMAR EDUARDO,9,"0,069"
1543,OMAR FERNANDO,9,"0,069"
1544,OVIDIO,9,"0,069"
1545,PEDRO FELIPE,9,"0,069"
1546,RAFAEL ANGEL,9,"0,069"
1547,RICARDO ADOLFO,9,"0,069"
1548,ROBINSON ALBERTO,9,"0,069"
1549,SEBASTIAN ENRIQUE,9,"0,069"
1550,SERGIO ALBERTO,9,"0,069"
1551,SERGIO MAURICIO,9,"0,069"
1552,STEVEN ALEJANDRO,9,"0,069"
1553,STEVENS,9,"0,069"
1554,THIAGO ALEJANDRO,9,"0,069"
1555,THIAGO ANDRES,9,"0,069"
1556,WEIMAR,9,"0,069"
1557,WILLIAM JAVIER,9,"0,069"
1558,WILLIAN ANDRES,9,"0,069"
1559,WILSON DANIEL,9,"0,069"
1560,WILSON ENRIQUE,9,"0,069"
1561,YEISSON,9,"0,069"
1562,ADRIAN CAMILO,8,"0,061"
1563,ALBERTO MARIO,8,"0,061"
1564,ALCIBIADES,8,"0,061"
1565,ALDAIR,8,"0,061"
1566,ALONSO JESUS,8,"0,061"
1567,ALVARO AUGUSTO,8,"0,061"
1568,ALVARO DAVID,8,"0,061"
1569,ARNOLD,8,"0,061"
1570,BORIS,8,"0,061"
1571,BRAIAN,8,"0,061"
1572,BRANDON ALEXANDER,8,"0,061"
1573,BRYAN FERNANDO,8,"0,061"
1574,BYRON,8,"0,061"
1575,CAMILO ANTONIO,8,"0,061"
1576,CAMILO ESTEBAN,8,"0,061"
1577,CARLOS ALBEIRO,8,"0,061"
1578,CARLOS GUILLERMO,8,"0,061"
1579,CESAR HUMBERTO,8,"0,061"
1580,CRISTHIAN ALEXANDER,8,"0,061"
1581,CRISTHIAN FABIAN,8,"0,061"
1582,CRISTIAN ADOLFO,8,"0,061"
1583,CRISTIAN ALFONSO,8,"0,061"
1584,CRISTIAN DANILO,8,"0,061"
1585,CRISTIAN JESUS,8,"0,061"
1586,CRISTIAN MANUEL,8,"0,061"
1587,DANIEL ARMANDO,8,"0,061"
1588,DANIEL JESUS,8,"0,061"
1589,DANIEL ORLANDO,8,"0,061"
1590,DARIO FERNANDO,8,"0,061"
1591,DAVID AUGUSTO,8,"0,061"
1592,DAVID SEBASTIAN,8,"0,061"
1593,DIEGO HERNANDO,8,"0,061"
1594,DIEGO JESUS,8,"0,061"
1595,EDGAR JOSE,8,"0,061"
1596,EDISON ALBERTO,8,"0,061"
1597,EDISON JESUS,8,"0,061"
1598,EDUIN,8,"0,061"
1599,EDWIN ENRIQUE,8,"0,061"
1600,EDWIN ORLANDO,8,"0,061"
1601,ELIAN,8,"0,061"
1602,ELVER,8,"0,061"
1603,EMILIO JOSE,8,"0,061"
1604,FABIAN DAVID,8,"0,061"
1605,FAUSTO,8,"0,061"
1606,FELIX ANDRES,8,"0,061"
1607,FERNANDO AUGUSTO,8,"0,061"
1608,FERNANDO ENRIQUE,8,"0,061"
1609,FREDDY ALBERTO,8,"0,061"
1610,FREDY ALONSO,8,"0,061"
1611,FREDY FERNANDO,8,"0,061"
1612,GABRIEL ENRIQUE,8,"0,061"
1613,GABRIEL MAURICIO,8,"0,061"
1614,GENTIL,8,"0,061"
1615,GIAN CARLO,8,"0,061"
1616,GIOVANNY ALEXANDER,8,"0,061"
1617,GREGORIO,8,"0,061"
1618,GUILLERMO ALBERTO,8,"0,061"
1619,GUILLERMO ENRIQUE,8,"0,061"
1620,HECTOR LUIS,8,"0,061"
1621,HECTOR ORLANDO,8,"0,061"
1622,HECTOR RAUL,8,"0,061"
1623,HECTOR WILLIAM,8,"0,061"
1624,HENRY ANDRES,8,"0,061"
1625,HENRY DAVID,8,"0,061"
1626,HERNAN EDUARDO,8,"0,061"
1627,HERNANDO ENRIQUE,8,"0,061"
1628,HERNANDO JOSE,8,"0,061"
1629,HUGO JESUS,8,"0,061"
1630,HUGO MARIO,8,"0,061"
1631,IVAN EDUARDO,8,"0,061"
1632,JAIRO FERNANDO,8,"0,061"
1633,JAN CARLOS,8,"0,061"
1634,JAVIER ESTEBAN,8,"0,061"
1635,JAVIER IGNACIO,8,"0,061"
1636,JEFERSON DAVID,8,"0,061"
1637,JEFFERSON ALEXANDER,8,"0,061"
1638,JESUS ALEXANDER,8,"0,061"
1639,JESUS EMILIO,8,"0,061"
1640,JESUS SANTIAGO,8,"0,061"
1641,JHON ALBERTO,8,"0,061"
1642,JHON ANDRES,8,"0,061"
1643,JHONNY ALBERTO,8,"0,061"
1644,JOEL DAVID,8,"0,061"
1645,JOHAN EDUARDO,8,"0,061"
1646,JOHN ALBERTO,8,"0,061"
1647,JOHN BYRON,8,"0,061"
1648,JOHN WILSON,8,"0,061"
1649,JOHNNY ANDRES,8,"0,061"
1650,JORDY,8,"0,061"
1651,JORGE ERNESTO,8,"0,061"
1652,JORGE MANUEL,8,"0,061"
1653,JORGE WILSON,8,"0,061"
1654,JOSE AUGUSTO,8,"0,061"
1655,JOSE EDISON,8,"0,061"
1656,JOSE EMMANUEL,8,"0,061"
1657,JOSE ERNESTO,8,"0,061"
1658,JOSE ISRAEL,8,"0,061"
1659,JOSE JAIME,8,"0,061"
1660,JUAN BERNARDO,8,"0,061"
1661,JUAN CRUZ,8,"0,061"
1662,JUAN DARIO,8,"0,061"
1663,JUAN ERNESTO,8,"0,061"
1664,JUAN MATEO,8,"0,061"
1665,JUAN PAULO,8,"0,061"
1666,JUAN RICARDO,8,"0,061"
1667,JUAN SANTIAGO,8,"0,061"
1668,JULIAN ALFREDO,8,"0,061"
1669,JULIAN ANTONIO,8,"0,061"
1670,KEVIN FABIAN,8,"0,061"
1671,KEVIN FELIPE,8,"0,061"
1672,KEVIN MATEO,8,"0,061"
1673,LEONARDO JOSE,8,"0,061"
1674,LUIS AUGUSTO,8,"0,061"
1675,LUIS GUSTAVO,8,"0,061"
1676,LUIS HENRY,8,"0,061"
1677,LUIS JESUS,8,"0,061"
1678,LUIS OCTAVIO,8,"0,061"
1679,MANUEL DAVID,8,"0,061"
1680,MANUEL FRANCISCO,8,"0,061"
1681,MANUEL GUILLERMO,8,"0,061"
1682,MARLON ALEXANDER,8,"0,061"
1683,MARLON ALEXIS,8,"0,061"
1684,MARLON STEVEN,8,"0,061"
1685,MATTIAS,8,"0,061"
1686,MAURICIO JESUS,8,"0,061"
1687,MIGUEL ENRIQUE,8,"0,061"
1688,MIGUEL JOSE,8,"0,061"
1689,MOISES DAVID,8,"0,061"
1690,NELSON ALEJANDRO,8,"0,061"
1691,NELSON FERNANDO,8,"0,061"
1692,NELSON STEVEN,8,"0,061"
1693,OCTAVIO ENRIQUE,8,"0,061"
1694,OMAR ALEXANDER,8,"0,061"
1695,OSCAR ADRIAN,8,"0,061"
1696,OSCAR STEVEN,8,"0,061"
1697,OSVALDO,8,"0,061"
1698,RAFAEL LEONARDO,8,"0,061"
1699,RAFAEL RICARDO,8,"0,061"
1700,RAMON ANTONIO,8,"0,061"
1701,REYNALDO,8,"0,061"
1702,RICHARD ALEJANDRO,8,"0,061"
1703,ROBERTO JOSE,8,"0,061"
1704,RODRIGO ALONSO,8,"0,061"
1705,ROMAN,8,"0,061"
1706,RONALD DAVID,8,"0,061"
1707,RUBEN ANTONIO,8,"0,061"
1708,SAMUEL MATIAS,8,"0,061"
1709,SERGIO EDUARDO,8,"0,061"
1710,TOMAS SANTIAGO,8,"0,061"
1711,ULISES,8,"0,061"
1712,VICTOR ALEXANDER,8,"0,061"
1713,VICTOR FERNANDO,8,"0,061"
1714,WILLIAM ALEJANDRO,8,"0,061"
1715,WILLIAM HUMBERTO,8,"0,061"
1716,WILMAN,8,"0,061"
1717,WILMER ENRIQUE,8,"0,061"
1718,WILSON ALEJANDRO,8,"0,061"
1719,WILSON ORLANDO,8,"0,061"
1720,YORMAN,8,"0,061"
1721,YOVANY,8,"0,061"
1722,ABEL JESUS,7,"0,054"
1723,ADELMO,7,"0,054"
1724,ADRIAN DAVID,7,"0,054"
1725,ADRIAN JESUS,7,"0,054"
1726,ALAN DAVID,7,"0,054"
1727,ALBERTO JESUS,7,"0,054"
1728,ALEJANDRO ALBERTO,7,"0,054"
1729,ANDERSON ANDRES,7,"0,054"
1730,ANDERSON STEVEN,7,"0,054"
1731,ANDRES ADOLFO,7,"0,054"
1732,ANDRES ARTURO,7,"0,054"
1733,ANDRES MATEO,7,"0,054"
1734,ASDRUBAL,7,"0,054"
1735,AUSTIN,7,"0,054"
1736,BRAYAN LEONARDO,7,"0,054"
1737,BRIAN DAVID,7,"0,054"
1738,BRYAM,7,"0,054"
1739,CARLOS ALEXIS,7,"0,054"
1740,CHRISTIAN ALEXIS,7,"0,054"
1741,CRISTHIAN ALEJANDRO,7,"0,054"
1742,CRISTHIAN JAVIER,7,"0,054"
1743,CRISTIAN MATEO,7,"0,054"
1744,DAMIAN ANDRES,7,"0,054"
1745,DARIO ANTONIO,7,"0,054"
1746,DARWIN ALEXIS,7,"0,054"
1747,DAVID ALFONSO,7,"0,054"
1748,DAVID ARTURO,7,"0,054"
1749,DAVID GUILLERMO,7,"0,054"
1750,DAVID JESUS,7,"0,054"
1751,DIEGO EDUARDO,7,"0,054"
1752,DIEGO IVAN,7,"0,054"
1753,DIOMEDES,7,"0,054"
1754,DYLAN DAVID,7,"0,054"
1755,EDGAR ALFONSO,7,"0,054"
1756,EDGAR HERNAN,7,"0,054"
1757,EDGAR HUMBERTO,7,"0,054"
1758,EDISON ALEXANDER,7,"0,054"
1759,EDISON FABIAN,7,"0,054"
1760,EDWIN ALFONSO,7,"0,054"
1761,EDWIN ALFREDO,7,"0,054"
1762,EDWIN EDUARDO,7,"0,054"
1763,EDWIN JESUS,7,"0,054"
1764,EDWIN LEONARDO,7,"0,054"
1765,EFRAIN ANTONIO,7,"0,054"
1766,ELIECER JESUS,7,"0,054"
1767,EMMANUEL DAVID,7,"0,054"
1768,ENZO,7,"0,054"
1769,ESTEBAN DAVID,7,"0,054"
1770,ESTIBEN,7,"0,054"
1771,FABIAN DARIO,7,"0,054"
1772,FABIAN JESUS,7,"0,054"
1773,FABIAN RICARDO,7,"0,054"
1774,FERNANDO JAVIER,7,"0,054"
1775,FRANCISCO ALBERTO,7,"0,054"
1776,FRANCISCO ANDRES,7,"0,054"
1777,FRANK SEBASTIAN,7,"0,054"
1778,FREDDY ANDRES,7,"0,054"
1779,FREDDY ARMANDO,7,"0,054"
1780,GERARDO JESUS,7,"0,054"
1781,GERMAN ENRIQUE,7,"0,054"
1782,GERMAN MAURICIO,7,"0,054"
1783,GERMAN RICARDO,7,"0,054"
1784,GONZALO ALBERTO,7,"0,054"
1785,GONZALO ANDRES,7,"0,054"
1786,GUSTAVO EDUARDO,7,"0,054"
1787,GUSTAVO JOSE,7,"0,054"
1788,HAROLD ALEXANDER,7,"0,054"
1789,HAROLD DANIEL,7,"0,054"
1790,HECTOR ANTONIO,7,"0,054"
1791,HECTOR ARMANDO,7,"0,054"
1792,HECTOR ENRIQUE,7,"0,054"
1793,HECTOR JOSE,7,"0,054"
1794,HERNAN MAURICIO,7,"0,054"
1795,HUGO HERNAN,7,"0,054"
1796,IAN SANTIAGO,7,"0,054"
1797,ISIDRO,7,"0,054"
1798,IVAN ENRIQUE,7,"0,054"
1799,IVAN RENE,7,"0,054"
1800,JADER,7,"0,054"
1801,JAHIR,7,"0,054"
1802,JAIME ALEXIS,7,"0,054"
1803,JAIME DANIEL,7,"0,054"
1804,JAIME ESTEBAN,7,"0,054"
1805,JAIME FERNANDO,7,"0,054"
1806,JAIME ORLANDO,7,"0,054"
1807,JAIR ANTONIO,7,"0,054"
1808,JAIRO ALFONSO,7,"0,054"
1809,JAIRO IVAN,7,"0,054"
1810,JAVIER DAVID,7,"0,054"
1811,JAVIER FRANCISCO,7,"0,054"
1812,JAVIER LEONARDO,7,"0,054"
1813,JEFFERSON STEVEN,7,"0,054"
1814,JEFFRY,7,"0,054"
1815,JESUS ALBEIRO,7,"0,054"
1816,JESUS ALFREDO,7,"0,054"
1817,JESUS MIGUEL,7,"0,054"
1818,JOHANNY,7,"0,054"
1819,JOHN ANDRES,7,"0,054"
1820,JOHN FELIPE,7,"0,054"
1821,JOHNNY ALEJANDRO,7,"0,054"
1822,JOHNY,7,"0,054"
1823,JONATHAN ALEJANDRO,7,"0,054"
1824,JORDAN,7,"0,054"
1825,JORDAN ANDRES,7,"0,054"
1826,JORGE ALONSO,7,"0,054"
1827,JORGE HUGO,7,"0,054"
1828,JORGE OSWALDO,7,"0,054"
1829,JOSE ABEL,7,"0,054"
1830,JOSE ALEXIS,7,"0,054"
1831,JOSE ARIEL,7,"0,054"
1832,JUAN EVANGELISTA,7,"0,054"
1833,JUAN GONZALO,7,"0,054"
1834,JUAN RAMON,7,"0,054"
1835,JULIAN ERNESTO,7,"0,054"
1836,JUNIOR,7,"0,054"
1837,KEVIN JAVIER,7,"0,054"
1838,KEVIN LEANDRO,7,"0,054"
1839,LEONARDO ANTONIO,7,"0,054"
1840,LIAN,7,"0,054"
1841,LUDWING,7,"0,054"
1842,LUIS ADOLFO,7,"0,054"
1843,LUIS MARTIN,7,"0,054"
1844,LUIS RICARDO,7,"0,054"
1845,LUIS SEBASTIAN,7,"0,054"
1846,LYAM,7,"0,054"
1847,MANUEL IGNACIO,7,"0,054"
1848,MANUEL SALVADOR,7,"0,054"
1849,MARCOS ANTONIO,7,"0,054"
1850,MARIO HERNAN,7,"0,054"
1851,MARIO JAVIER,7,"0,054"
1852,MARLON FABIAN,7,"0,054"
1853,MARTIN ALEJANDRO,7,"0,054"
1854,MARTIN FERNANDO,7,"0,054"
1855,MATEO ANDRES,7,"0,054"
1856,MATHIAS ALEJANDRO,7,"0,054"
1857,MATIAS ALEJANDRO,7,"0,054"
1858,MAURICIO FERNANDO,7,"0,054"
1859,MAURICIO JOSE,7,"0,054"
1860,MAURO ALEJANDRO,7,"0,054"
1861,MEDARDO,7,"0,054"
1862,MICHAEL ALEXIS,7,"0,054"
1863,MICHAEL ESTEBAN,7,"0,054"
1864,NESTOR ALFONSO,7,"0,054"
1865,NESTOR ALONSO,7,"0,054"
1866,NESTOR DANIEL,7,"0,054"
1867,NESTOR DAVID,7,"0,054"
1868,NESTOR JESUS,7,"0,054"
1869,NICOLAS ANTONIO,7,"0,054"
1870,ORLANDO ENRIQUE,7,"0,054"
1871,ORLANDO JOSE,7,"0,054"
1872,OSCAR CAMILO,7,"0,054"
1873,OSCAR EMILIO,7,"0,054"
1874,OSCAR JAIME,7,"0,054"
1875,OSCAR MIGUEL,7,"0,054"
1876,OSCAR WILLIAM,7,"0,054"
1877,PEDRO JAVIER,7,"0,054"
1878,PEDRO MANUEL,7,"0,054"
1879,RAFAEL ALEJANDRO,7,"0,054"
1880,RAFAEL ARTURO,7,"0,054"
1881,RAUL JESUS,7,"0,054"
1882,REINALDO JESUS,7,"0,054"
1883,RENE ALEJANDRO,7,"0,054"
1884,RICARDO ALFONSO,7,"0,054"
1885,RICHARD STEVEN,7,"0,054"
1886,ROBERT ALEXANDER,7,"0,054"
1887,ROGER ANDRES,7,"0,054"
1888,RONALD ALBERTO,7,"0,054"
1889,RONALD STEVEN,7,"0,054"
1890,SAMUEL ALEXANDER,7,"0,054"
1891,SAMUEL EDUARDO,7,"0,054"
1892,SAMUEL ENRIQUE,7,"0,054"
1893,SAMUEL JESUS,7,"0,054"
1894,SERGIO FERNANDO,7,"0,054"
1895,SIMON ANDRES,7,"0,054"
1896,SNEYDER,7,"0,054"
1897,STEEVEN,7,"0,054"
1898,VICTOR HERNAN,7,"0,054"
1899,WASHINGTON,7,"0,054"
1900,WILLIAM OSWALDO,7,"0,054"
1901,WILSON DARIO,7,"0,054"
1902,WILSON EDUARDO,7,"0,054"
1903,WILSON FABIAN,7,"0,054"
1904,ADRIAN ALEJANDRO,6,"0,046"
1905,ADRIAN ESTEBAN,6,"0,046"
1906,ALAN DANIEL,6,"0,046"
1907,ALEJANDRO ANTONIO,6,"0,046"
1908,ALEX EDUARDO,6,"0,046"
1909,ALVARO ALEXANDER,6,"0,046"
1910,ANDERSON JESUS,6,"0,046"
1911,ANDRES ALEXANDER,6,"0,046"
1912,ANDRES AUGUSTO,6,"0,046"
1913,ANDRES DANIEL,6,"0,046"
1914,ANDRES ENRIQUE,6,"0,046"
1915,ANDRES HUMBERTO,6,"0,046"
1916,ANDRES JUAN,6,"0,046"
1917,ANDRES MATIAS,6,"0,046"
1918,ANDY,6,"0,046"
1919,ANGEL MAURICIO,6,"0,046"
1920,ANGEL MIGUEL,6,"0,046"
1921,ANGEL SAMUEL,6,"0,046"
1922,ANTONIO MARIA,6,"0,046"
1923,APOLINAR,6,"0,046"
1924,BRAYAN EDUARDO,6,"0,046"
1925,BRAYAN JOSE,6,"0,046"
1926,BRIAN ALEXANDER,6,"0,046"
1927,BRYAN FELIPE,6,"0,046"
1928,CARLOS CESAR,6,"0,046"
1929,CARLOS EDWIN,6,"0,046"
1930,CARLOS MATEO,6,"0,046"
1931,CHRISTIAN ENRIQUE,6,"0,046"
1932,CHRISTIAN FABIAN,6,"0,046"
1933,CLEMENTE,6,"0,046"
1934,CRISTHIAN IVAN,6,"0,046"
1935,CRISTIAN ADRIAN,6,"0,046"
1936,CRISTIAN ALONSO,6,"0,046"
1937,DANIEL HERNAN,6,"0,046"
1938,DANIEL JOSUE,6,"0,046"
1939,DANILO ANDRES,6,"0,046"
1940,DANNY MAURICIO,6,"0,046"
1941,DARIO ALEJANDRO,6,"0,046"
1942,DAVID HUMBERTO,6,"0,046"
1943,DIEGO ENRIQUE,6,"0,046"
1944,DIEGO ESTEBAN,6,"0,046"
1945,DILAN STEVEN,6,"0,046"
1946,DONOVAN,6,"0,046"
1947,EDER,6,"0,046"
1948,EDGAR ALEJANDRO,6,"0,046"
1949,EDGAR ALEXIS,6,"0,046"
1950,EDGAR ALONSO,6,"0,046"
1951,EDGAR IVAN,6,"0,046"
1952,EDISON JAVIER,6,"0,046"
1953,EDISON ORLANDO,6,"0,046"
1954,EDUARDO LUIS,6,"0,046"
1955,EDWARD ALBERTO,6,"0,046"
1956,EDWARD ALEJANDRO,6,"0,046"
1957,EDWIN ARMANDO,6,"0,046"
1958,EDWIN ERNESTO,6,"0,046"
1959,EDWIN HUMBERTO,6,"0,046"
1960,EMMANUEL ANDRES,6,"0,046"
1961,ERIC SANTIAGO,6,"0,046"
1962,ERICK ALEXANDER,6,"0,046"
1963,ERICK JOEL,6,"0,046"
1964,ERVIN,6,"0,046"
1965,ESTEBAN ALBERTO,6,"0,046"
1966,ESTEBAN MAURICIO,6,"0,046"
1967,ESTEVAN,6,"0,046"
1968,FABIAN ALEXIS,6,"0,046"
1969,FABIAN FERNANDO,6,"0,046"
1970,FANOR,6,"0,046"
1971,FRANCISCO ALEXANDER,6,"0,046"
1972,FRANCISCO FERNANDO,6,"0,046"
1973,FREDDY MAURICIO,6,"0,046"
1974,GABRIEL DAVID,6,"0,046"
1975,GABRIEL FERNANDO,6,"0,046"
1976,GEOVANY,6,"0,046"
1977,GERMAN ADOLFO,6,"0,046"
1978,GIAN CARLOS,6,"0,046"
1979,GIOVANNI ALEXANDER,6,"0,046"
1980,GONZALO ANTONIO,6,"0,046"
1981,GUIDO,6,"0,046"
1982,GUIDO FERNANDO,6,"0,046"
1983,GUILLERMO ALEJANDRO,6,"0,046"
1984,GUSTAVO ALEJANDRO,6,"0,046"
1985,HECTOR DANIEL,6,"0,046"
1986,HECTOR DARIO,6,"0,046"
1987,HELIBERTO,6,"0,046"
1988,HENRY JAVIER,6,"0,046"
1989,HENRY SEBASTIAN,6,"0,046"
1990,HERIBERTO ANTONIO,6,"0,046"
1991,HERNAN JESUS,6,"0,046"
1992,HUGO FABIAN,6,"0,046"
1993,HUGO HUMBERTO,6,"0,046"
1994,HUMBERTO JOSE,6,"0,046"
1995,IAN SAMUEL,6,"0,046"
1996,IKER ANDRES,6,"0,046"
1997,IMANOL,6,"0,046"
1998,JAIME ALFREDO,6,"0,046"
1999,JAIME HERNAN,6,"0,046"
2000,JAIR ALEXANDER,6,"0,046"
2001,JASON DAVID,6,"0,046"
2002,JAVIER SANTIAGO,6,"0,046"
2003,JESUS DARIO,6,"0,046"
2004,JESUS ERNESTO,6,"0,046"
2005,JHON BRANDON,6,"0,046"
2006,JHON BRAYAN,6,"0,046"
2007,JHON MAURICIO,6,"0,046"
2008,JHONATAN JAVIER,6,"0,046"
2009,JHONNY FERNANDO,6,"0,046"
2010,JOAN ALEJANDRO,6,"0,046"
2011,JOAN ALEXANDER,6,"0,046"
2012,JOAN DANIEL,6,"0,046"
2013,JOEL ALEJANDRO,6,"0,046"
2014,JOEL SANTIAGO,6,"0,046"
2015,JOHN ALBERT,6,"0,046"
2016,JOHN JAVIER,6,"0,046"
2017,JOHNNY FERNANDO,6,"0,046"
2018,JONATAN ALEXANDER,6,"0,046"
2019,JONATHAN EDUARDO,6,"0,046"
2020,JONATTAN,6,"0,046"
2021,JORGE DANIEL,6,"0,046"
2022,JORGE EDISON,6,"0,046"
2023,JORGE FERNANDO,6,"0,046"
2024,JORGE NICOLAS,6,"0,046"
2025,JORGE STEVEN,6,"0,046"
2026,JOSE ABELARDO,6,"0,046"
2027,JOSE ADAN,6,"0,046"
2028,JOSE ADOLFO,6,"0,046"
2029,JOSE ALCIDES,6,"0,046"
2030,JOSE ASDRUBAL,6,"0,046"
2031,JOSE BLADIMIR,6,"0,046"
2032,JOSE GIOVANNY,6,"0,046"
2033,JOSE HECTOR,6,"0,046"
2034,JOSE HUGO,6,"0,046"
2035,JOSE OLMEDO,6,"0,046"
2036,JOSE OVIDIO,6,"0,046"
2037,JOSE ROGELIO,6,"0,046"
2038,JOSE SAMUEL,6,"0,046"
2039,JOSE ULISES,6,"0,046"
2040,JOSELIN,6,"0,046"
2041,JOSEPH ALEXANDER,6,"0,046"
2042,JOSIMAR,6,"0,046"
2043,JOSUE DAVID,6,"0,046"
2044,JULIAN ALFONSO,6,"0,046"
2045,JULIAN ARMANDO,6,"0,046"
2046,JULIAN ENRIQUE,6,"0,046"
2047,JULIO EDUARDO,6,"0,046"
2048,JUSTO PASTOR,6,"0,046"
2049,KENNETH,6,"0,046"
2050,KENNY,6,"0,046"
2051,KEVIN ADRIAN,6,"0,046"
2052,KEVIN JOSE,6,"0,046"
2053,KEVIN LEONARDO,6,"0,046"
2054,LEONARDO ALBERTO,6,"0,046"
2055,LEONARDO DAVID,6,"0,046"
2056,LEONARDO JESUS,6,"0,046"
2057,LUIS JORGE,6,"0,046"
2058,LUIS LEONARDO,6,"0,046"
2059,LUIS RAFAEL,6,"0,046"
2060,MANUEL SEBASTIAN,6,"0,046"
2061,MARIO ANTONIO,6,"0,046"
2062,MARIO JOSE,6,"0,046"
2063,MARTIN EDUARDO,6,"0,046"
2064,MARTIN ELIAS,6,"0,046"
2065,MARTIN ESTEBAN,6,"0,046"
2066,MARVIN,6,"0,046"
2067,MATTHIAS,6,"0,046"
2068,MAURO,6,"0,046"
2069,MAYCOL,6,"0,046"
2070,MICHAEL JAVIER,6,"0,046"
2071,MIGUEL ALFONSO,6,"0,046"
2072,MIGUEL DARIO,6,"0,046"
2073,MIKE,6,"0,046"
2074,MILTON DAVID,6,"0,046"
2075,MILTON FERNANDO,6,"0,046"
2076,MILTON JAVIER,6,"0,046"
2077,NAPOLEON,6,"0,046"
2078,NICOLAS JESUS,6,"0,046"
2079,NICOLAS MATEO,6,"0,046"
2080,OLIVERIO,6,"0,046"
2081,OMAR ALEXIS,6,"0,046"
2082,OMAR ALFONSO,6,"0,046"
2083,OMAR DARIO,6,"0,046"
2084,ORLANDO JAVIER,6,"0,046"
2085,OSCAR ALEXIS,6,"0,046"
2086,OSCAR ALFONSO,6,"0,046"
2087,OSCAR RAUL,6,"0,046"
2088,PABLO JOSE,6,"0,046"
2089,PAULO,6,"0,046"
2090,PEDRO DAVID,6,"0,046"
2091,PEDRO ELIAS,6,"0,046"
2092,PEDRO FERNANDO,6,"0,046"
2093,PLINIO,6,"0,046"
2094,RAFAEL AUGUSTO,6,"0,046"
2095,RAFAEL ERNESTO,6,"0,046"
2096,RAFAEL JESUS,6,"0,046"
2097,RAUL ERNESTO,6,"0,046"
2098,RICARDO ENRIQUE,6,"0,046"
2099,RICARDO HUMBERTO,6,"0,046"
2100,ROBINSON DAVID,6,"0,046"
2101,RUBEN ANDRES,6,"0,046"
2102,SANTIAGO JESUS,6,"0,046"
2103,SERGIO AUGUSTO,6,"0,046"
2104,SERGIO NICOLAS,6,"0,046"
2105,VICTOR DAVID,6,"0,046"
2106,VICTOR FABIAN,6,"0,046"
2107,WALTER ALEXANDER,6,"0,046"
2108,WALTHER,6,"0,046"
2109,WILFRIDO,6,"0,046"
2110,WILLIAM ALFONSO,6,"0,046"
2111,WILLIAM JOSE,6,"0,046"
2112,WILMER DAVID,6,"0,046"
2113,WILMER FERNANDO,6,"0,046"
2114,WILSON HERNAN,6,"0,046"
2115,YAIR,6,"0,046"
2116,YAN CARLOS,6,"0,046"
2117,YOBANY,6,"0,046"
2118,YONNY,6,"0,046"
2119,ZAMIR,6,"0,046"
2120,AARON DAVID,5,"0,038"
2121,ABELARDO ANTONIO,5,"0,038"
2122,ADAN,5,"0,038"
2123,ADONAI,5,"0,038"
2124,ADRIAN MAURICIO,5,"0,038"
2125,ADRIANO,5,"0,038"
2126,ALAN MATIAS,5,"0,038"
2127,ALAN STEVEN,5,"0,038"
2128,ALEX ALBERTO,5,"0,038"
2129,ALEX ANDRES,5,"0,038"
2130,ALEX FABIAN,5,"0,038"
2131,ALEX SANTIAGO,5,"0,038"
2132,ALEXANDER ALBERTO,5,"0,038"
2133,ALEXANDER JOSE,5,"0,038"
2134,ALVARO DANIEL,5,"0,038"
2135,ALVARO FERNANDO,5,"0,038"
2136,ALVARO JULIAN,5,"0,038"
2137,ALVARO LUIS,5,"0,038"
2138,ANDRES DARIO,5,"0,038"
2139,ANGEL ANTONIO,5,"0,038"
2140,ANGEL AUGUSTO,5,"0,038"
2141,ANGEL EDUARDO,5,"0,038"
2142,ANGEL JOSE,5,"0,038"
2143,ANGEL LEONARDO,5,"0,038"
2144,ANGEL SEBASTIAN,5,"0,038"
2145,ANTHONY DAVID,5,"0,038"
2146,ANTOINE,5,"0,038"
2147,ANYELO,5,"0,038"
2148,ARMANDO JESUS,5,"0,038"
2149,ARTURO JOSE,5,"0,038"
2150,AURELIO,5,"0,038"
2151,BRIAN ALEJANDRO,5,"0,038"
2152,CAMILO ALFREDO,5,"0,038"
2153,CAMILO ENRIQUE,5,"0,038"
2154,CARLOS ABEL,5,"0,038"
2155,CARLOS EFREN,5,"0,038"
2156,CARLOS ELIAS,5,"0,038"
2157,CARLOS HORACIO,5,"0,038"
2158,CARLOS HUGO,5,"0,038"
2159,CARLOS SANTIAGO,5,"0,038"
2160,CESAR ALEXANDER,5,"0,038"
2161,CESAR ALFONSO,5,"0,038"
2162,CHRISTIAN DANIEL,5,"0,038"
2163,CHRISTIAN GIOVANNI,5,"0,038"
2164,CHRISTIAN JAVIER,5,"0,038"
2165,CRISTHIAN ALEXIS,5,"0,038"
2166,CRISTIAN ARTURO,5,"0,038"
2167,CRISTIAN ENRIQUE,5,"0,038"
2168,CRISTIAN GERARDO,5,"0,038"
2169,CRISTIAN GUILLERMO,5,"0,038"
2170,CRISTIAN HERNAN,5,"0,038"
2171,CRISTIAN IVAN,5,"0,038"
2172,CRISTIAN SANTIAGO,5,"0,038"
2173,CRISTIAN SEBASTIAN,5,"0,038"
2174,DANIEL ADOLFO,5,"0,038"
2175,DANIEL OSWALDO,5,"0,038"
2176,DANNY DANIEL,5,"0,038"
2177,DARIO ANDRES,5,"0,038"
2178,DAVID ALONSO,5,"0,038"
2179,DAVID FABIAN,5,"0,038"
2180,DAVID NICOLAS,5,"0,038"
2181,DEIVY,5,"0,038"
2182,DIEGO DAVID,5,"0,038"
2183,DIEGO LEANDRO,5,"0,038"
2184,DOMINGO,5,"0,038"
2185,DYLAN ALEXANDER,5,"0,038"
2186,DYLAN SAMUEL,5,"0,038"
2187,EDGAR ARMANDO,5,"0,038"
2188,EDGAR DARIO,5,"0,038"
2189,EDGAR LEONARDO,5,"0,038"
2190,EDGARDO,5,"0,038"
2191,EDISON ALEJANDRO,5,"0,038"
2192,EDUARD ANDRES,5,"0,038"
2193,EITHAN,5,"0,038"
2194,ELDER,5,"0,038"
2195,ELIAN DAVID,5,"0,038"
2196,ELISEO,5,"0,038"
2197,ESTEBAN ANDRES,5,"0,038"
2198,ESTEBAN JOSE,5,"0,038"
2199,EUSEBIO,5,"0,038"
2200,FELIPE ANTONIO,5,"0,038"
2201,FERNANDO ADOLFO,5,"0,038"
2202,FERNANDO ARTURO,5,"0,038"
2203,FIDEL ANTONIO,5,"0,038"
2204,FRANCISCO ALEJANDRO,5,"0,038"
2205,FRANCISCO EDUARDO,5,"0,038"
2206,FRANK ALBERTO,5,"0,038"
2207,FRANKLIN ANDRES,5,"0,038"
2208,FREDDY ENRIQUE,5,"0,038"
2209,FREDDY FERNANDO,5,"0,038"
2210,GABRIEL ALBERTO,5,"0,038"
2211,GABRIEL ALFONSO,5,"0,038"
2212,GABRIEL DARIO,5,"0,038"
2213,GABRIEL FELIPE,5,"0,038"
2214,GABRIEL LEONARDO,5,"0,038"
2215,GABRIEL SANTIAGO,5,"0,038"
2216,GEORGE MICHAEL,5,"0,038"
2217,GEOVANNY ALEXANDER,5,"0,038"
2218,GERMAN FELIPE,5,"0,038"
2219,GERMAN JESUS,5,"0,038"
2220,GILBERTO JESUS,5,"0,038"
2221,GUILLERMO ALONSO,5,"0,038"
2222,GUSTAVO ALEXANDER,5,"0,038"
2223,HECTOR EMILIO,5,"0,038"
2224,HECTOR FELIPE,5,"0,038"
2225,HENRY ALEJANDRO,5,"0,038"
2226,HENRY FERNANDO,5,"0,038"
2227,HENRY NELSON,5,"0,038"
2228,HERNAN ANDRES,5,"0,038"
2229,HILDEBRANDO,5,"0,038"
2230,HUBER,5,"0,038"
2231,HUGO ANTONIO,5,"0,038"
2232,HUGO NELSON,5,"0,038"
2233,IAN ALEJANDRO,5,"0,038"
2234,IVAN ALEXANDER,5,"0,038"
2235,IVAN ALEXIS,5,"0,038"
2236,IVAN FERNANDO,5,"0,038"
2237,IVAN JESUS,5,"0,038"
2238,JACINTO,5,"0,038"
2239,JAIME ADOLFO,5,"0,038"
2240,JAIME ARMANDO,5,"0,038"
2241,JAIME JUNIOR,5,"0,038"
2242,JAIME LEONARDO,5,"0,038"
2243,JAIRO JAVIER,5,"0,038"
2244,JAIRO JOSE,5,"0,038"
2245,JAIRO MIGUEL,5,"0,038"
2246,JAMES DAVID,5,"0,038"
2247,JAVIER ALFREDO,5,"0,038"
2248,JAVIER OSWALDO,5,"0,038"
2249,JEAN FRANCO,5,"0,038"
2250,JEAN PIER,5,"0,038"
2251,JEAN PIERE,5,"0,038"
2252,JEFFERSON DANIEL,5,"0,038"
2253,JEISON ALEXANDER,5,"0,038"
2254,JERRY,5,"0,038"
2255,JESUS ADOLFO,5,"0,038"
2256,JESUS ADRIAN,5,"0,038"
2257,JESUS ALEJANDRO,5,"0,038"
2258,JESUS ALEXIS,5,"0,038"
2259,JESUS ALFONSO,5,"0,038"
2260,JESUS ARMANDO,5,"0,038"
2261,JESUS FERNANDO,5,"0,038"
2262,JESUS LEONARDO,5,"0,038"
2263,JHEISON,5,"0,038"
2264,JHOEL,5,"0,038"
2265,JHON ERICK,5,"0,038"
2266,JHOSUA,5,"0,038"
2267,JOAN FELIPE,5,"0,038"
2268,JOEL ENRIQUE,5,"0,038"
2269,JOHAN MIGUEL,5,"0,038"
2270,JOHN ALEX,5,"0,038"
2271,JOHN KEVIN,5,"0,038"
2272,JOHN MICHAEL,5,"0,038"
2273,JONATAN DAVID,5,"0,038"
2274,JONATHAN JAVIER,5,"0,038"
2275,JONNATAN,5,"0,038"
2276,JORDAN STEVEN,5,"0,038"
2277,JORDI,5,"0,038"
2278,JORGE ALFREDO,5,"0,038"
2279,JORGE ELIAS,5,"0,038"
2280,JORGE EMILIO,5,"0,038"
2281,JORGE HORACIO,5,"0,038"
2282,JORGE JESUS,5,"0,038"
2283,JORGE RICARDO,5,"0,038"
2284,JOSE ALEX,5,"0,038"
2285,JOSE EFRAIN,5,"0,038"
2286,JOSE FABIO,5,"0,038"
2287,JOSE FELIPE,5,"0,038"
2288,JOSE FELIX,5,"0,038"
2289,JOSE HORACIO,5,"0,038"
2290,JOSE ISAAC,5,"0,038"
2291,JOSE MARINO,5,"0,038"
2292,JOSE OLIVER,5,"0,038"
2293,JOSEPH DANIEL,5,"0,038"
2294,JUAN ALEXANDER,5,"0,038"
2295,JUAN LEONARDO,5,"0,038"
2296,JUAN RAFAEL,5,"0,038"
2297,JUAN ROMAN,5,"0,038"
2298,JUAN SIMON,5,"0,038"
2299,JUAN VICENTE,5,"0,038"
2300,JULIAN ADOLFO,5,"0,038"
2301,JULIAN MATEO,5,"0,038"
2302,JULIO ALEJANDRO,5,"0,038"
2303,JULIO ROBERTO,5,"0,038"
2304,JUSTINIANO,5,"0,038"
2305,KEVIN JOHAN,5,"0,038"
2306,KEVIN NICOLAS,5,"0,038"
2307,KEVIN ORLANDO,5,"0,038"
2308,KYLIAN,5,"0,038"
2309,LEONARDO ESTEBAN,5,"0,038"
2310,LEONARDO FAVIO,5,"0,038"
2311,LIAM ANDRES,5,"0,038"
2312,LIAM DAVID,5,"0,038"
2313,LOGAN,5,"0,038"
2314,LUIS ALEXIS,5,"0,038"
2315,LUIS ARIEL,5,"0,038"
2316,LUIS DARIO,5,"0,038"
2317,LUIS GIOVANNY,5,"0,038"
2318,LUIS ROBERTO,5,"0,038"
2319,LUIS STEVEN,5,"0,038"
2320,MANUEL DARIO,5,"0,038"
2321,MANUEL ORLANDO,5,"0,038"
2322,MARC,5,"0,038"
2323,MARCO ANDRES,5,"0,038"
2324,MARIO DAVID,5,"0,038"
2325,MARIO HUMBERTO,5,"0,038"
2326,MARLON ENRIQUE,5,"0,038"
2327,MARLON FERNANDO,5,"0,038"
2328,MARTIN ALFONSO,5,"0,038"
2329,MAURICIO ORLANDO,5,"0,038"
2330,MAXIMO,5,"0,038"
2331,MICHAEL DANIEL,5,"0,038"
2332,MIGUEL ALBERTO,5,"0,038"
2333,MIGUEL ARTURO,5,"0,038"
2334,MIGUEL AUGUSTO,5,"0,038"
2335,MIGUEL MAURICIO,5,"0,038"
2336,MIKEL,5,"0,038"
2337,MILTON ALEXANDER,5,"0,038"
2338,MILTON JOSE,5,"0,038"
2339,MISAEL ANTONIO,5,"0,038"
2340,NELSON ALEXANDER,5,"0,038"
2341,NELSON AUGUSTO,5,"0,038"
2342,NELSON FELIPE,5,"0,038"
2343,NELSON HUMBERTO,5,"0,038"
2344,NELSON IVAN,5,"0,038"
2345,NELSON RODRIGO,5,"0,038"
2346,NESTOR EDUARDO,5,"0,038"
2347,NESTOR ENRIQUE,5,"0,038"
2348,NESTOR MAURICIO,5,"0,038"
2349,NICOLAS ALEXANDER,5,"0,038"
2350,NICOLAS EDUARDO,5,"0,038"
2351,NICOLAS FERNANDO,5,"0,038"
2352,NICOLAS FRANCISCO,5,"0,038"
2353,NICOLAS MAURICIO,5,"0,038"
2354,NIXON,5,"0,038"
2355,NOE,5,"0,038"
2356,OSCAR ADOLFO,5,"0,038"
2357,OSCAR GUILLERMO,5,"0,038"
2358,OSCAR JOSE,5,"0,038"
2359,PABLO ARTURO,5,"0,038"
2360,PABLO ESTEBAN,5,"0,038"
2361,PABLO FELIPE,5,"0,038"
2362,PAUL,5,"0,038"
2363,PAUL ANDRES,5,"0,038"
2364,PEDRO ALONSO,5,"0,038"
2365,PEDRO EMILIO,5,"0,038"
2366,PEDRO JESUS,5,"0,038"
2367,PEDRO JUAN,5,"0,038"
2368,RAFAEL DARIO,5,"0,038"
2369,RAFAEL IGNACIO,5,"0,038"
2370,RAFAEL JOSE,5,"0,038"
2371,RAMIRO JESUS,5,"0,038"
2372,RAMON EDUARDO,5,"0,038"
2373,RAUL ALEXANDER,5,"0,038"
2374,RAUL HERNAN,5,"0,038"
2375,RAY,5,"0,038"
2376,REYNEL,5,"0,038"
2377,RICARDO ALEXANDER,5,"0,038"
2378,RICARDO ELIAS,5,"0,038"
2379,RICHARD DAVID,5,"0,038"
2380,ROBERT ANDRES,5,"0,038"
2381,ROBERT ANTONIO,5,"0,038"
2382,ROBERTO ANDRES,5,"0,038"
2383,ROBERTO LUIS,5,"0,038"
2384,RODOLFO ANDRES,5,"0,038"
2385,RODRIGO IVAN,5,"0,038"
2386,ROGER ALEXANDER,5,"0,038"
2387,ROMULO,5,"0,038"
2388,ROOSEVELT,5,"0,038"
2389,RUBEN DAVID,5,"0,038"
2390,SANTIAGO DAVID,5,"0,038"
2391,SANTIAGO FELIPE,5,"0,038"
2392,SANTIAGO RAFAEL,5,"0,038"
2393,SAUL ANDRES,5,"0,038"
2394,SAUL ANTONIO,5,"0,038"
2395,SEAN PAUL,5,"0,038"
2396,SEBASTIAN ALBERTO,5,"0,038"
2397,SERGIO ANTONIO,5,"0,038"
2398,SERGIO ARMANDO,5,"0,038"
2399,STEVEN ALEXANDER,5,"0,038"
2400,THIAGO ALEXANDER,5,"0,038"
2401,THIAGO EMMANUEL,5,"0,038"
2402,TOBIAS,5,"0,038"
2403,URIEL ANTONIO,5,"0,038"
2404,URIEL JESUS,5,"0,038"
2405,VICTOR ENRIQUE,5,"0,038"
2406,VICTOR ESTEBAN,5,"0,038"
2407,WALTER ALBERTO,5,"0,038"
2408,WILLIAM ALFREDO,5,"0,038"
2409,WILLIAM DANIEL,5,"0,038"
2410,WILLIAM FELIPE,5,"0,038"
2411,WILLIAM ORLANDO,5,"0,038"
2412,WILLIAM RENE,5,"0,038"
2413,WILLIAN ALBERTO,5,"0,038"
2414,WILMER FABIAN,5,"0,038"
2415,YAMIL,5,"0,038"
2416,YERAY,5,"0,038"
